High,Low,Close
6.0,5.8,6.0
5.61,5.57,5.61
5.02,5.02,5.02
4.81,4.81,4.81
4.82,4.81,4.82
4.9,4.9,4.9
5.55,5.5,5.55
5.79,5.79,5.79
5.72,5.72,5.72
5.72,5.7,5.72
5.73,5.7,5.73
4.82,4.82,4.82
5.3,5.3,5.3
4.92,4.89,4.92
4.96,4.86,4.96
4.99,4.89,4.99
4.99,4.99,4.99
4.5,3.99,3.99
2.99,2.92,2.92
4.36,4.2,4.2
4.4,4.36,4.4
3.95,3.95,3.95
3.85,3.85,3.85
3.2,3.2,3.2
3.55,3.25,3.55
3.32,3.21,3.21
3.21,3.21,3.21
3.21,3.21,3.21
3.25,3.25,3.25
2.95,2.95,2.95
3.3,3.3,3.3
3.35,3.35,3.35
2.79,2.79,2.79
2.47,2.47,2.47
2.99,2.99,2.99
3.0,3.0,3.0
2.99,2.5,2.99
2.5,2.5,2.5
2.43,2.43,2.43
2.33,2.25,2.25
2.59,2.53,2.59
2.46,2.46,2.46
3.0,3.0,3.0
15.0,15.0,15.0
2.67,2.67,2.67
3.46,3.46,3.46
3.42,3.3,3.42
3.45,3.45,3.45
3.08,3.08,3.08
3.04,3.04,3.04
2.93,2.93,2.93
3.0,3.0,3.0
3.03,3.03,3.03
3.5,2.95,3.5
3.3,3.3,3.3
3.2,3.2,3.2
3.56,3.56,3.56
3.39,3.39,3.39
3.25,3.25,3.25
3.5,3.5,3.5
3.5,3.5,3.5
4.53,4.53,4.53
4.38,4.38,4.38
4.17,4.17,4.17
4.17,4.17,4.17
4.35,4.35,4.35
4.33,4.33,4.33
4.27,4.27,4.27
4.27,4.27,4.27
4.29,4.29,4.29
4.3,4.3,4.3
4.57,4.5,4.57
4.58,4.58,4.58
5.0,5.0,5.0
4.93,4.93,4.93
5.19,5.19,5.19
5.37,5.36,5.37
6.0,6.0,6.0
6.4,6.4,6.4
6.3,6.0,6.0
6.99,6.9,6.9
6.9,6.5,6.5
6.6,6.6,6.6
6.25,6.25,6.25
7.2,7.2,7.2
7.3,7.3,7.3
6.7,6.7,6.7
6.7,6.7,6.7
7.34,6.72,6.72
6.5,6.5,6.5
6.2,6.2,6.2
6.9,6.9,6.9
6.0,6.0,6.0
6.1,6.02,6.02
6.09,6.09,6.09
6.07,6.07,6.07
6.28,6.22,6.22
6.9,6.9,6.9
6.9,6.85,6.85
6.95,6.95,6.95
6.79,6.28,6.28
6.83,6.03,6.83
6.0,6.0,6.0
6.35,6.35,6.35
6.55,6.55,6.55
6.57,6.55,6.55
6.86,6.84,6.86
5.5,5.5,5.5
5.0,5.0,5.0
5.89,5.89,5.89
5.3,5.3,5.3
5.5,5.5,5.5
5.58,5.58,5.58
5.58,5.58,5.58
5.85,5.85,5.85
6.0,3.8,5.3
6.16,6.16,6.16
6.25,6.25,6.25
6.2,6.2,6.2
6.28,6.05,6.28
5.93,5.93,5.93
5.9,5.9,5.9
5.6,5.6,5.6
5.2,5.2,5.2
5.6,5.6,5.6
5.6,5.6,5.6
5.79,5.79,5.79
5.66,5.66,5.66
5.52,5.52,5.52
5.89,5.87,5.89
5.88,5.88,5.88
5.55,5.55,5.55
5.55,5.55,5.55
5.53,5.5,5.5
5.33,4.7,4.7
4.89,4.86,4.87
4.89,4.89,4.89
4.9,4.9,4.9
4.7,4.7,4.7
4.64,4.64,4.64
4.66,4.61,4.61
4.74,4.62,4.62
4.8,4.5,4.6
4.74,4.51,4.69
4.4,4.21,4.21
4.14,4.14,4.14
4.38,4.3,4.3
4.6,4.54,4.54
4.41,4.4,4.4
4.39,4.3,4.3
4.47,4.46,4.46
4.52,4.52,4.52
4.8,4.8,4.8
5.04,5.0,5.04
5.12,5.02,5.02
4.95,4.95,4.95
5.11,5.11,5.11
4.98,4.98,4.98
5.08,5.08,5.08
5.09,5.09,5.09
5.04,5.04,5.04
5.04,4.94,4.94
5.01,5.01,5.01
4.97,4.97,4.97
4.99,4.97,4.99
4.99,4.99,4.99
4.99,4.9,4.9
5.05,5.05,5.05
5.02,5.02,5.02
4.91,4.8,4.8
4.7,4.64,4.64
4.8,4.8,4.8
4.8,4.74,4.74
4.86,4.77,4.77
4.97,4.93,4.93
5.03,5.02,5.03
4.96,4.96,4.96
5.03,5.03,5.03
5.09,5.05,5.09
5.08,5.03,5.03
4.99,4.99,4.99
5.0,5.0,5.0
5.07,5.03,5.07
5.07,4.95,4.95
5.02,4.99,4.99
4.99,4.99,4.99
4.94,4.94,4.94
4.98,4.97,4.98
5.04,4.99,5.04
5.24,5.24,5.24
5.27,5.27,5.27
5.44,5.43,5.44
5.44,5.32,5.44
5.38,5.38,5.38
5.28,5.28,5.28
5.39,5.39,5.39
5.41,5.41,5.41
5.33,5.31,5.31
5.24,5.24,5.24
5.19,5.02,5.02
5.09,4.97,4.97
4.88,4.83,4.83
4.92,4.91,4.92
4.89,4.89,4.89
4.97,4.97,4.97
4.96,4.9,4.96
4.98,4.95,4.98
4.91,4.91,4.91
4.73,4.73,4.73
4.83,4.83,4.83
4.6,4.6,4.6
4.54,4.54,4.54
4.78,4.72,4.78
4.77,4.73,4.77
4.89,4.73,4.73
4.73,4.72,4.73
4.84,4.84,4.84
4.95,4.91,4.95
4.87,4.87,4.87
4.93,4.93,4.93
4.8,4.8,4.8
4.92,4.9,4.92
4.92,4.92,4.92
4.85,4.8,4.82
4.78,4.78,4.78
4.92,4.84,4.84
5.03,4.93,5.03
5.0,5.0,5.0
4.97,4.95,4.95
5.04,4.95,5.04
4.92,4.92,4.92
4.95,4.95,4.95
4.91,4.91,4.91
4.91,4.89,4.89
4.7,4.7,4.7
4.8,4.8,4.8
4.8,4.76,4.76
4.85,4.83,4.85
4.84,4.84,4.84
4.84,4.84,4.84
4.86,4.85,4.86
4.87,4.73,4.74
4.91,4.9,4.91
4.85,4.85,4.85
4.86,4.86,4.86
4.88,4.88,4.88
4.89,4.87,4.89
5.01,4.98,5.01
5.0,5.0,5.0
4.95,4.95,4.95
4.96,4.94,4.94
4.96,4.95,4.96
4.99,4.96,4.99
4.96,4.96,4.96
4.99,4.99,4.99
4.99,4.99,4.99
4.99,4.99,4.99
5.1,5.0,5.1
5.11,5.09,5.11
5.16,5.11,5.11
5.15,5.15,5.15
5.14,5.14,5.14
5.13,5.12,5.13
5.17,5.16,5.17
5.22,5.15,5.19
5.32,5.32,5.32
5.19,5.19,5.19
5.26,5.25,5.26
5.24,5.24,5.24
5.21,5.21,5.21
5.2,5.2,5.2
5.18,5.18,5.18
5.21,5.21,5.21
5.2,5.17,5.2
5.18,5.18,5.18
5.15,5.0,5.0
5.05,5.05,5.05
5.15,5.11,5.15
5.11,5.11,5.11
5.08,5.08,5.08
5.11,5.11,5.11
5.1,4.9,4.9
5.12,5.1,5.12
5.03,5.03,5.03
5.04,5.04,5.04
4.99,4.91,4.99
4.93,4.9,4.9
4.91,4.91,4.91
4.96,4.95,4.96
4.97,4.9,4.97
4.97,4.92,4.97
4.94,4.86,4.86
4.94,4.93,4.94
5.04,5.04,5.04
5.13,5.11,5.13
5.14,5.13,5.14
5.06,5.05,5.05
5.13,5.11,5.13
5.1,5.1,5.1
5.1,5.1,5.1
5.07,5.07,5.07
5.12,5.08,5.12
5.12,5.07,5.07
5.07,5.07,5.07
5.11,5.1,5.11
5.08,5.08,5.08
5.04,5.04,5.04
5.1,5.1,5.1
5.05,5.05,5.05
5.0,5.0,5.0
5.03,5.03,5.03
5.05,5.05,5.05
5.06,5.05,5.06
5.05,5.05,5.05
5.04,5.03,5.04
5.07,5.03,5.06
5.06,5.06,5.06
5.02,5.02,5.02
5.04,5.04,5.04
5.08,5.05,5.05
5.04,5.04,5.04
5.02,5.02,5.02
5.02,5.02,5.02
5.01,5.01,5.01
5.01,5.01,5.01
4.97,4.87,4.87
4.93,4.93,4.93
4.93,4.92,4.93
4.95,4.95,4.95
4.95,4.95,4.95
4.94,4.94,4.94
4.92,4.91,4.91
4.91,4.89,4.89
4.99,4.98,4.99
4.96,4.96,4.96
5.01,5.0,5.01
4.95,4.95,4.95
5.02,4.98,5.02
5.04,5.04,5.04
5.02,5.02,5.02
5.03,5.01,5.03
5.05,5.05,5.05
5.07,5.07,5.07
5.05,5.05,5.05
5.03,5.03,5.03
5.08,5.08,5.08
5.06,5.06,5.06
5.08,5.07,5.08
5.07,5.0,5.05
5.03,5.03,5.03
5.03,5.03,5.03
5.02,5.02,5.02
5.08,5.03,5.08
5.08,5.04,5.04
5.08,5.04,5.04
5.09,5.06,5.09
5.08,5.08,5.08
5.12,5.12,5.12
5.12,5.12,5.12
5.09,5.09,5.09
5.09,5.09,5.09
5.09,5.09,5.09
5.09,5.08,5.08
5.08,5.08,5.08
5.07,5.07,5.07
5.07,5.07,5.07
5.08,5.08,5.08
5.07,5.07,5.07
5.08,5.05,5.08
5.07,5.07,5.07
5.08,5.08,5.08
5.08,5.08,5.08
5.07,5.07,5.07
5.07,5.04,5.04
5.09,5.07,5.09
5.08,4.95,4.95
5.11,5.11,5.11
5.07,5.07,5.07
5.13,5.1,5.13
5.12,5.12,5.12
5.14,5.14,5.14
5.14,5.1,5.1
5.14,5.14,5.14
5.14,5.1,5.1
5.18,5.18,5.18
5.17,5.16,5.16
5.22,5.22,5.22
5.24,5.21,5.24
5.22,5.2,5.22
5.2,5.2,5.2
5.19,5.19,5.19
5.2,5.2,5.2
5.19,5.19,5.19
5.19,5.15,5.15
5.16,5.14,5.15
5.22,5.22,5.22
5.28,5.28,5.28
5.32,5.32,5.32
5.34,5.34,5.34
5.42,5.37,5.41
5.39,5.37,5.37
5.42,5.4,5.41
5.4,5.38,5.38
5.42,5.41,5.42
5.47,5.45,5.45
5.46,5.45,5.46
5.46,5.43,5.46
5.46,5.46,5.46
5.5,5.5,5.5
5.51,5.5,5.5
5.6,5.57,5.6
5.63,5.6,5.63
5.6,5.6,5.6
5.56,5.56,5.56
5.59,5.47,5.47
5.54,5.54,5.54
5.48,5.48,5.48
5.45,5.45,5.45
5.48,5.46,5.48
5.56,5.5,5.56
5.54,5.53,5.53
5.9,5.7,5.7
5.77,5.77,5.77
5.83,5.82,5.83
5.86,5.85,5.86
5.97,5.92,5.93
5.95,5.9,5.9
5.89,5.89,5.89
5.87,5.87,5.87
5.85,5.79,5.79
5.85,5.81,5.85
5.83,5.83,5.83
5.87,5.87,5.87
5.86,5.83,5.83
5.88,5.81,5.87
5.91,5.87,5.89
6.05,5.99,6.05
6.13,6.1,6.13
6.3,6.18,6.18
6.45,6.45,6.45
6.49,6.48,6.49
6.5,6.5,6.5
6.47,6.35,6.35
6.47,6.47,6.47
6.39,6.39,6.39
6.32,6.27,6.27
6.15,6.13,6.14
6.06,6.06,6.06
6.23,6.13,6.23
6.2,6.2,6.2
6.4,6.28,6.28
6.46,6.4,6.4
6.49,6.46,6.49
6.45,6.41,6.41
6.46,6.44,6.46
6.41,6.26,6.32
6.47,6.39,6.47
6.5,6.47,6.5
6.58,6.55,6.56
6.63,6.61,6.61
6.64,6.64,6.64
6.67,6.67,6.67
6.67,6.66,6.67
6.66,6.64,6.64
6.64,6.64,6.64
6.65,6.64,6.65
6.64,6.64,6.64
6.61,6.56,6.56
6.63,6.62,6.62
6.59,6.59,6.59
6.61,6.6,6.61
6.57,6.5,6.5
6.5,6.49,6.49
6.51,6.44,6.44
6.45,6.45,6.45
6.39,6.39,6.39
6.36,6.36,6.36
6.4,6.4,6.4
6.3,6.3,6.3
6.26,6.26,6.26
6.26,6.2,6.2
6.17,6.17,6.17
6.26,6.26,6.26
6.35,6.3,6.35
6.2,6.17,6.17
6.45,6.3,6.3
6.39,6.38,6.38
6.41,6.38,6.41
6.44,6.38,6.44
6.35,6.34,6.35
6.65,6.51,6.64
6.52,6.5,6.52
6.53,6.5,6.5
6.4,6.4,6.4
6.52,6.48,6.48
6.49,6.49,6.49
6.5,6.5,6.5
6.51,6.5,6.51
6.53,6.51,6.51
6.61,6.56,6.6
6.63,6.56,6.56
6.6,6.59,6.6
6.54,6.54,6.54
6.55,6.55,6.55
6.6,6.57,6.57
6.59,6.59,6.59
6.53,6.52,6.52
6.56,6.52,6.52
6.61,6.6,6.6
6.62,6.6,6.61
6.62,6.62,6.62
6.64,6.64,6.64
6.6,6.6,6.6
6.59,6.58,6.58
6.62,6.59,6.59
6.54,6.45,6.54
6.46,6.4,6.4
6.46,6.44,6.46
6.55,6.54,6.55
6.55,6.36,6.48
6.54,6.48,6.48
6.54,6.53,6.54
6.52,6.44,6.44
6.61,6.54,6.61
6.65,6.64,6.65
6.65,6.64,6.65
6.66,6.66,6.66
6.61,6.6,6.6
6.59,6.58,6.58
6.55,6.39,6.46
6.57,6.53,6.57
6.54,6.54,6.54
6.61,6.56,6.61
6.63,6.57,6.58
6.69,6.65,6.69
6.75,6.7,6.7
6.77,6.77,6.77
6.77,6.73,6.73
6.7,6.7,6.7
6.84,6.83,6.84
6.93,6.91,6.93
7.0,7.0,7.0
7.08,7.05,7.07
7.05,7.0,7.0
7.08,7.05,7.05
7.13,7.0,7.0
7.08,7.05,7.08
7.13,7.11,7.13
7.05,7.04,7.04
7.11,7.08,7.11
7.13,7.09,7.13
7.14,7.1,7.1
7.13,7.13,7.13
7.18,7.13,7.18
7.16,7.1,7.16
7.17,7.1,7.1
7.61,7.55,7.61
7.58,7.57,7.57
7.59,7.57,7.59
7.6,7.55,7.6
7.59,7.59,7.59
7.55,7.51,7.55
7.51,7.44,7.44
7.54,7.54,7.54
7.49,7.49,7.49
7.45,7.44,7.44
7.57,7.57,7.57
7.55,7.14,7.4
7.65,7.58,7.65
8.05,7.99,8.05
8.09,7.94,8.09
8.46,8.0,8.04
8.24,7.87,7.97
8.27,8.18,8.2
8.2,8.19,8.19
8.79,8.51,8.51
8.47,8.43,8.47
8.62,8.45,8.62
8.81,8.81,8.81
8.95,8.76,8.77
8.85,8.44,8.85
9.01,9.0,9.01
9.08,9.02,9.08
9.06,9.06,9.06
9.0,8.99,9.0
9.0,9.0,9.0
9.0,9.0,9.0
9.01,9.01,9.01
9.16,9.15,9.16
8.42,8.09,8.26
7.95,7.94,7.94
8.22,8.14,8.22
8.26,8.18,8.18
8.53,8.49,8.49
8.3,8.24,8.24
8.7,8.69,8.7
8.75,8.65,8.65
8.87,8.78,8.78
8.84,8.74,8.74
8.74,8.74,8.74
8.8,8.8,8.8
8.75,8.3,8.3
8.3,8.11,8.3
8.6,8.6,8.6
8.77,8.77,8.77
8.88,8.85,8.88
8.8,8.66,8.66
8.45,8.25,8.25
8.8,8.76,8.79
8.57,8.57,8.57
8.57,8.5,8.57
8.69,8.59,8.59
8.59,8.59,8.59
8.54,8.54,8.54
8.5,8.24,8.5
8.4,8.4,8.4
8.38,8.26,8.26
8.6,8.6,8.6
8.64,8.64,8.64
8.64,8.45,8.45
8.85,8.76,8.76
8.88,8.84,8.84
8.89,8.83,8.88
8.88,8.88,8.88
8.83,8.83,8.83
8.82,8.82,8.82
8.97,8.92,8.97
8.85,8.85,8.85
8.77,8.77,8.77
8.75,8.7,8.75
8.74,8.73,8.74
8.71,8.71,8.71
8.7,8.54,8.54
8.7,8.7,8.7
8.74,8.73,8.74
8.8,8.75,8.8
8.91,8.88,8.91
8.95,8.9,8.9
9.1,9.0,9.1
8.93,8.92,8.92
9.24,9.2,9.24
9.23,9.23,9.23
9.28,9.25,9.28
9.27,9.23,9.23
9.38,9.19,9.19
9.35,9.35,9.35
9.4,9.34,9.4
9.36,8.9,9.23
9.38,9.38,9.38
9.43,9.43,9.43
9.61,9.4,9.53
9.59,9.59,9.59
9.58,9.45,9.45
10.42,10.1,10.41
10.44,10.4,10.44
10.4,10.1,10.1
10.43,10.1,10.43
11.27,10.74,10.74
10.9,10.82,10.82
11.2,10.68,11.2
10.81,10.78,10.78
10.91,10.91,10.91
11.0,11.0,11.0
10.85,10.85,10.85
10.91,10.85,10.85
10.5,10.5,10.5
10.61,10.5,10.5
10.6,10.46,10.6
10.53,10.45,10.45
10.4,10.32,10.32
10.64,10.6,10.6
10.9,10.8,10.85
10.9,10.79,10.83
10.87,10.87,10.87
10.77,10.64,10.77
10.86,10.85,10.86
10.82,10.75,10.75
10.87,10.75,10.75
10.83,10.8,10.81
10.75,10.73,10.75
10.9,10.89,10.9
10.9,10.74,10.9
10.91,10.9,10.91
10.93,10.79,10.79
11.03,11.03,11.03
11.03,10.97,11.03
11.0,10.98,10.98
10.93,10.83,10.93
11.04,10.98,11.04
11.59,11.25,11.25
11.47,11.32,11.33
11.24,10.95,11.18
11.19,11.05,11.19
11.5,11.2,11.5
11.24,11.07,11.07
11.3,11.18,11.3
11.36,11.2,11.36
11.31,11.3,11.3
11.3,11.3,11.3
11.3,11.3,11.3
11.4,11.39,11.4
11.31,11.25,11.25
11.32,11.32,11.32
11.4,11.4,11.4
11.5,11.5,11.5
11.41,11.4,11.4
11.65,11.41,11.65
11.79,11.56,11.79
11.57,11.57,11.57
11.74,11.4,11.6
11.83,11.76,11.83
11.74,11.63,11.67
11.67,11.67,11.67
11.85,11.85,11.85
11.95,11.81,11.95
11.98,11.95,11.98
12.19,12.18,12.19
12.05,11.98,12.05
12.3,12.08,12.3
12.27,12.27,12.27
12.21,12.21,12.21
12.68,12.43,12.67
12.61,12.57,12.61
13.22,13.21,13.22
13.44,13.41,13.43
13.49,13.36,13.36
13.44,13.35,13.41
13.5,13.3,13.49
13.5,13.34,13.34
13.91,13.62,13.69
15.36,15.0,15.0
14.9,14.71,14.71
15.31,14.91,15.06
14.0,12.13,13.35
12.64,11.9,11.9
12.63,11.89,11.89
12.38,11.51,11.52
11.64,11.34,11.49
11.76,11.51,11.59
11.86,11.86,11.86
11.01,10.99,10.99
10.74,10.54,10.56
9.4,9.32,9.37
10.1,9.32,9.32
8.57,7.85,8.57
9.2,7.86,9.2
10.3,9.62,10.3
10.33,9.6,9.6
9.59,9.5,9.52
9.51,8.96,9.39
9.66,9.66,9.66
9.82,9.79,9.81
9.78,9.78,9.78
10.31,9.64,10.16
10.4,10.11,10.4
10.37,10.2,10.35
10.41,10.19,10.19
9.99,9.99,9.99
9.9,9.82,9.82
10.16,9.9,9.9
10.16,9.96,10.16
10.05,10.01,10.01
10.41,10.05,10.39
9.96,9.96,9.96
9.96,9.83,9.83
9.94,9.78,9.9
10.0,9.95,10.0
10.17,10.03,10.17
10.03,10.03,10.03
9.98,9.97,9.97
10.0,9.93,9.93
10.0,9.99,10.0
10.04,10.03,10.04
10.43,10.23,10.43
10.32,10.32,10.32
10.53,10.29,10.53
10.44,10.33,10.33
10.44,10.42,10.44
10.6,10.37,10.37
10.56,10.51,10.53
10.61,10.58,10.58
10.6,10.2,10.58
10.28,10.26,10.28
10.31,10.31,10.31
10.9,10.52,10.9
11.78,11.1,11.78
11.85,11.7,11.79
11.44,11.01,11.2
10.86,10.56,10.86
10.9,10.9,10.9
10.93,10.88,10.88
11.06,10.63,10.8
11.21,10.8,11.2
11.0,11.0,11.0
11.04,11.03,11.04
11.03,10.61,10.67
10.99,10.75,10.99
10.95,10.75,10.8
10.91,10.76,10.78
10.86,10.81,10.86
10.8,10.8,10.8
10.87,10.63,10.75
10.89,10.88,10.89
10.85,10.63,10.85
10.74,10.73,10.74
10.6,10.41,10.41
10.65,10.4,10.4
10.49,10.39,10.39
10.29,10.28,10.29
9.84,9.72,9.84
10.2,10.1,10.1
10.04,10.03,10.04
10.07,10.07,10.07
9.83,9.83,9.83
9.9,9.8,9.9
10.0,9.49,10.0
10.17,10.01,10.17
10.17,10.17,10.17
10.05,9.95,9.96
10.15,10.05,10.05
10.28,10.25,10.28
10.45,10.3,10.4
10.54,10.4,10.4
10.4,10.3,10.35
10.43,10.29,10.29
10.21,10.19,10.19
10.41,10.24,10.31
10.36,10.26,10.26
10.21,10.15,10.15
10.34,10.34,10.34
10.46,10.35,10.46
10.67,10.58,10.58
10.9,10.85,10.85
10.79,10.68,10.7
10.75,10.75,10.75
10.88,10.75,10.86
11.0,10.76,10.84
10.92,10.82,10.92
11.1,11.01,11.04
10.95,10.95,10.95
11.05,10.85,10.85
11.05,10.98,11.0
11.02,10.83,10.83
11.07,11.07,11.07
10.98,10.81,10.81
10.82,10.82,10.82
10.92,10.92,10.92
10.89,10.3,10.89
10.85,10.7,10.7
11.0,10.68,10.68
11.03,10.97,11.03
11.04,10.86,10.86
10.96,10.88,10.96
11.0,11.0,11.0
10.85,10.85,10.85
10.95,10.85,10.95
10.95,10.76,10.77
10.9,10.79,10.79
11.05,10.95,11.05
11.04,10.85,11.04
10.97,10.96,10.96
10.95,10.95,10.95
10.71,10.71,10.71
10.97,10.82,10.88
10.97,10.97,10.97
10.96,10.94,10.94
10.97,10.38,10.39
11.11,10.82,10.82
11.04,10.99,10.99
11.03,11.03,11.03
11.11,10.95,11.11
11.11,11.05,11.09
11.14,11.01,11.14
11.15,11.15,11.15
11.3,11.04,11.17
11.25,11.23,11.25
11.37,11.37,11.37
11.26,11.24,11.24
11.26,11.1,11.1
11.32,11.12,11.23
11.43,11.17,11.43
11.46,11.46,11.46
11.57,11.45,11.5
11.52,11.45,11.45
11.6,11.49,11.52
11.62,11.5,11.5
11.68,11.63,11.68
11.8,11.74,11.8
11.63,11.54,11.55
11.68,11.56,11.68
11.71,11.56,11.71
11.73,11.7,11.73
11.79,11.6,11.6
11.86,11.6,11.86
11.85,11.65,11.85
11.87,11.67,11.67
11.87,11.7,11.87
11.88,11.87,11.88
11.89,11.84,11.88
11.86,11.75,11.75
11.89,11.79,11.89
12.28,11.91,11.91
11.93,11.93,11.93
12.26,12.26,12.26
12.48,12.32,12.48
12.47,12.39,12.47
12.41,12.4,12.4
12.32,12.32,12.32
12.45,12.33,12.45
12.59,12.32,12.59
12.45,12.45,12.45
12.45,12.39,12.45
12.32,12.28,12.28
12.33,12.21,12.21
12.33,12.27,12.27
12.28,12.01,12.19
12.13,12.12,12.13
12.35,12.13,12.35
12.22,12.19,12.19
12.13,12.12,12.13
12.13,12.11,12.13
12.13,12.05,12.05
12.11,11.97,11.97
12.0,12.0,12.0
11.99,11.87,11.87
12.0,11.85,11.85
11.85,11.85,11.85
11.86,11.86,11.86
11.99,11.99,11.99
11.96,11.96,11.96
11.86,11.83,11.83
11.89,11.83,11.83
11.96,11.95,11.95
11.9,11.89,11.9
11.9,11.89,11.9
11.85,11.75,11.76
12.03,11.75,11.9
12.03,11.9,11.96
11.88,11.83,11.85
11.98,11.75,11.75
11.92,11.53,11.92
11.9,11.88,11.9
11.92,11.53,11.53
12.19,12.1,12.19
12.1,12.1,12.1
12.2,12.2,12.2
12.07,12.0,12.0
12.21,11.84,11.9
12.14,12.13,12.14
12.35,12.16,12.16
12.37,12.25,12.25
12.22,11.9,12.22
12.21,12.18,12.18
12.1,12.05,12.05
12.25,12.12,12.25
12.23,12.2,12.23
12.26,12.26,12.26
12.28,12.28,12.28
12.26,12.12,12.26
12.22,12.21,12.22
12.22,12.21,12.22
12.28,12.2,12.28
12.19,12.19,12.19
12.18,12.17,12.17
12.22,12.22,12.22
12.23,12.23,12.23
12.1,12.1,12.1
12.2,12.1,12.2
12.16,12.08,12.08
12.2,12.14,12.14
12.25,12.23,12.25
12.35,12.32,12.35
12.53,12.53,12.53
12.7,12.25,12.3
12.64,12.32,12.64
12.64,12.6,12.64
12.64,12.45,12.45
12.89,12.88,12.89
12.85,12.85,12.85
12.9,12.85,12.9
12.9,12.9,12.9
12.89,12.89,12.89
12.8,12.68,12.68
12.77,12.62,12.77
12.78,12.65,12.77
12.79,12.63,12.7
12.65,12.48,12.5
12.5,11.5,12.5
12.59,12.45,12.45
12.64,12.5,12.64
12.51,12.5,12.5
12.49,12.3,12.3
12.4,12.38,12.38
12.39,12.35,12.39
12.05,12.0,12.0
12.21,12.21,12.21
12.45,12.0,12.08
11.8,11.7,11.75
11.7,11.65,11.7
10.99,10.78,10.78
11.3,10.65,10.85
11.04,10.95,10.96
11.7,11.64,11.64
11.62,11.58,11.62
11.67,11.66,11.67
12.0,11.79,11.99
12.0,11.94,12.0
12.0,11.92,12.0
11.9,11.6,11.89
11.98,11.79,11.98
12.0,11.95,11.95
12.0,11.96,12.0
12.01,12.0,12.01
12.25,12.18,12.24
12.09,11.71,12.0
12.03,11.82,11.82
11.93,11.74,11.74
12.0,11.78,11.78
12.09,12.09,12.09
12.09,12.0,12.09
11.83,11.83,11.83
12.05,11.95,11.95
12.09,11.95,12.09
12.0,12.0,12.0
11.95,11.9,11.9
11.97,11.82,11.82
11.85,11.85,11.85
11.85,11.79,11.79
11.86,11.82,11.82
11.85,11.84,11.84
11.86,11.79,11.79
11.82,11.52,11.74
11.52,11.5,11.52
11.5,11.34,11.5
11.5,11.38,11.5
11.49,11.49,11.49
11.66,11.6,11.66
11.5,11.32,11.5
11.93,11.93,11.93
11.93,11.91,11.92
11.78,11.7,11.7
11.86,11.65,11.86
11.89,11.53,11.88
11.92,11.89,11.92
11.9,11.77,11.9
11.88,11.88,11.88
11.78,11.77,11.77
11.67,11.55,11.55
11.88,11.79,11.88
11.78,11.76,11.76
11.83,11.82,11.83
11.8,11.69,11.8
11.8,11.8,11.8
11.72,11.72,11.72
11.77,11.57,11.57
11.72,11.7,11.7
11.69,11.6,11.68
11.6,11.58,11.58
11.53,11.53,11.53
11.7,11.59,11.59
11.63,11.63,11.63
11.63,11.6,11.6
11.6,11.59,11.6
11.35,11.35,11.35
11.56,11.31,11.31
11.57,11.4,11.4
11.56,11.36,11.56
11.56,11.5,11.5
11.42,11.31,11.42
11.4,11.38,11.38
11.55,11.51,11.55
11.63,11.53,11.63
11.68,11.46,11.56
11.27,11.27,11.27
11.69,11.67,11.69
11.59,11.48,11.51
11.41,11.41,11.41
11.44,11.4,11.4
11.49,11.35,11.47
11.57,11.39,11.57
11.4,11.39,11.4
11.31,11.31,11.31
11.06,11.06,11.06
11.37,11.15,11.15
11.24,11.01,11.01
10.97,10.86,10.97
10.54,10.41,10.54
10.84,10.8,10.81
10.51,10.43,10.51
10.22,9.74,9.94
9.86,9.86,9.86
9.99,9.99,9.99
9.5,9.5,9.5
10.25,9.98,10.25
10.7,10.31,10.7
10.75,10.49,10.75
10.54,10.31,10.31
10.54,10.3,10.54
10.55,10.34,10.55
10.5,10.4,10.5
10.57,10.5,10.57
10.75,10.54,10.54
10.54,10.43,10.43
10.5,10.38,10.5
10.71,10.55,10.69
10.77,10.66,10.71
10.75,10.7,10.74
10.81,10.81,10.81
10.8,10.73,10.8
10.79,10.68,10.78
10.74,10.6,10.74
10.7,10.67,10.7
10.79,10.66,10.79
10.8,10.77,10.77
10.77,10.68,10.68
10.9,10.75,10.75
10.9,10.86,10.86
10.86,10.73,10.75
10.97,10.89,10.97
11.0,10.99,11.0
11.01,11.0,11.01
10.98,10.94,10.94
11.05,10.93,10.93
11.04,10.87,11.04
10.85,10.64,10.85
10.94,10.94,10.94
10.77,10.61,10.76
10.83,10.68,10.79
10.67,10.54,10.64
10.7,10.65,10.65
10.69,10.64,10.69
10.68,10.66,10.68
10.55,10.52,10.55
10.6,10.56,10.56
10.67,10.53,10.67
10.67,10.64,10.67
10.66,10.63,10.66
10.5,10.49,10.5
10.5,10.5,10.5
10.5,10.49,10.5
10.61,10.4,10.53
10.49,10.49,10.49
10.64,10.5,10.5
10.55,10.53,10.55
10.64,10.64,10.64
10.8,10.7,10.78
10.77,10.56,10.76
10.73,10.56,10.56
10.78,10.55,10.55
10.69,10.56,10.56
10.68,10.53,10.68
10.7,10.56,10.57
10.74,10.63,10.63
10.77,10.62,10.77
10.65,10.54,10.54
10.8,10.67,10.67
10.84,10.53,10.84
10.82,10.62,10.82
10.8,10.8,10.8
10.82,10.82,10.82
10.73,10.6,10.73
10.6,10.3,10.6
10.6,10.55,10.6
10.8,10.8,10.8
10.79,10.78,10.78
10.8,10.78,10.8
10.84,10.83,10.83
10.81,10.8,10.81
10.81,10.81,10.81
10.8,10.79,10.8
10.8,10.8,10.8
10.7,10.63,10.7
10.77,10.7,10.77
10.87,10.75,10.87
10.81,10.71,10.71
10.71,10.71,10.71
10.65,10.64,10.64
10.83,10.76,10.82
10.78,10.73,10.73
10.81,10.72,10.72
10.86,10.76,10.76
10.88,10.84,10.84
10.87,10.84,10.85
10.92,10.87,10.92
10.95,10.88,10.88
10.86,10.83,10.83
10.98,10.88,10.98
10.89,10.89,10.89
10.98,10.89,10.98
10.87,10.8,10.87
10.89,10.89,10.89
10.96,10.95,10.96
10.98,10.98,10.98
10.96,10.89,10.96
10.98,10.98,10.98
10.93,10.93,10.93
10.98,10.97,10.98
10.98,10.95,10.96
10.98,10.93,10.98
11.05,10.99,10.99
11.07,11.05,11.05
11.15,11.1,11.15
11.2,10.98,11.2
11.46,11.18,11.18
11.57,11.06,11.56
11.6,11.6,11.6
11.59,11.59,11.59
11.55,11.45,11.51
11.57,11.57,11.57
11.64,11.58,11.64
11.58,11.58,11.58
11.57,11.46,11.57
11.6,11.6,11.6
11.58,11.58,11.58
11.5,11.39,11.49
11.58,11.31,11.32
11.6,11.59,11.6
11.6,11.33,11.6
11.66,11.66,11.66
11.64,11.45,11.64
11.65,11.48,11.48
11.65,11.51,11.65
11.63,11.53,11.53
11.64,11.64,11.64
11.63,11.63,11.63
11.62,11.58,11.62
11.64,11.63,11.63
11.64,11.6,11.64
11.64,11.47,11.48
11.67,11.67,11.67
11.68,11.64,11.64
11.77,11.63,11.63
11.9,11.71,11.9
11.99,11.75,11.99
11.98,11.98,11.98
11.99,11.99,11.99
11.99,11.98,11.99
12.0,11.85,12.0
12.08,12.0,12.0
12.05,12.02,12.05
12.11,12.06,12.07
12.17,12.15,12.17
12.15,12.12,12.15
12.18,12.07,12.18
12.2,12.08,12.19
12.18,12.12,12.18
12.29,12.29,12.29
12.21,12.21,12.21
12.25,12.25,12.25
12.34,12.31,12.31
12.34,12.22,12.34
12.33,12.29,12.33
12.36,12.33,12.36
12.4,12.39,12.4
12.2,12.2,12.2
12.25,12.2,12.25
12.32,12.3,12.32
12.32,12.31,12.32
12.2,12.15,12.15
12.12,12.11,12.11
12.06,12.05,12.05
12.15,11.83,12.01
11.96,11.75,11.95
12.03,11.92,11.92
12.08,12.07,12.08
12.26,12.2,12.26
12.29,12.15,12.17
12.18,12.16,12.18
12.2,12.13,12.2
12.26,12.24,12.24
12.22,12.22,12.22
12.29,12.28,12.29
12.35,12.33,12.35
12.38,12.31,12.38
12.4,12.1,12.1
12.37,12.33,12.37
12.38,12.38,12.38
12.4,12.31,12.31
12.44,12.3,12.44
12.45,12.38,12.38
12.43,12.39,12.43
12.46,12.42,12.46
12.33,12.31,12.31
12.44,12.4,12.44
12.45,12.45,12.45
12.39,12.39,12.39
12.43,12.3,12.43
12.45,12.38,12.45
12.38,12.38,12.38
12.44,12.44,12.44
12.4,12.4,12.4
12.44,12.41,12.44
12.47,12.35,12.46
12.44,12.4,12.4
12.58,12.5,12.58
12.6,12.53,12.53
12.52,12.42,12.52
12.57,12.48,12.57
12.78,12.66,12.66
12.78,12.61,12.62
12.93,12.74,12.93
13.01,12.76,12.76
12.97,12.9,12.9
13.24,13.12,13.2
13.29,13.17,13.25
13.29,13.23,13.23
13.2,13.2,13.2
13.2,13.05,13.2
13.58,13.49,13.58
13.44,13.2,13.21
13.55,13.38,13.55
13.44,13.23,13.27
13.4,13.3,13.4
13.47,13.37,13.47
13.47,13.46,13.47
13.27,13.26,13.26
13.3,13.3,13.3
13.37,13.36,13.37
13.37,13.36,13.37
13.36,13.36,13.36
13.34,13.34,13.34
13.36,13.35,13.36
13.36,13.3,13.36
13.35,13.22,13.35
13.28,13.15,13.15
13.18,13.11,13.18
13.28,13.19,13.28
13.14,13.13,13.14
13.13,13.13,13.13
13.29,13.28,13.29
13.4,13.3,13.34
13.38,13.27,13.28
13.3,13.21,13.23
13.2,13.17,13.17
13.29,13.29,13.29
13.4,13.21,13.21
13.39,13.39,13.39
13.41,13.41,13.41
13.42,13.37,13.42
13.39,13.37,13.37
13.42,13.42,13.42
13.38,13.34,13.38
13.47,13.35,13.4
13.5,13.5,13.5
13.35,13.05,13.05
13.4,13.39,13.4
13.47,13.46,13.46
13.49,13.41,13.47
13.52,13.45,13.46
13.51,13.51,13.51
13.52,13.52,13.52
13.55,13.51,13.55
13.88,13.54,13.54
13.75,13.6,13.74
13.57,13.38,13.44
13.51,13.49,13.49
13.4,13.4,13.4
13.4,13.4,13.4
13.4,13.4,13.4
13.37,13.28,13.28
13.39,13.31,13.31
13.35,13.35,13.35
13.39,13.39,13.39
13.44,13.38,13.38
13.27,13.27,13.27
13.27,13.25,13.25
13.1,12.93,13.09
13.2,12.98,13.2
13.27,13.02,13.02
13.26,13.1,13.26
13.25,13.25,13.25
13.2,13.02,13.1
13.16,13.02,13.15
13.15,13.1,13.15
13.11,12.91,12.91
13.09,12.85,12.88
13.01,13.01,13.01
13.21,13.19,13.21
13.27,13.16,13.27
13.33,13.16,13.16
13.29,13.06,13.28
13.4,13.15,13.24
13.29,13.29,13.29
13.41,13.19,13.19
13.4,13.21,13.35
13.39,13.23,13.39
13.27,13.26,13.26
13.38,13.25,13.35
13.31,13.31,13.31
13.38,13.21,13.38
13.3,13.23,13.23
13.3,13.2,13.2
13.36,13.35,13.36
13.37,13.37,13.37
13.33,13.21,13.21
13.23,13.2,13.23
13.2,13.2,13.2
13.2,13.15,13.2
13.23,13.09,13.23
13.14,13.14,13.14
13.19,13.1,13.1
13.09,13.09,13.09
13.2,13.12,13.2
13.2,13.05,13.05
13.24,13.23,13.24
13.23,13.23,13.23
13.12,13.11,13.11
13.25,13.24,13.25
13.23,13.09,13.09
13.04,13.04,13.04
13.04,13.02,13.02
13.16,13.04,13.16
13.24,13.24,13.24
13.19,13.08,13.19
13.25,13.08,13.08
13.0,12.99,13.0
13.2,13.19,13.2
13.19,13.17,13.17
13.17,13.15,13.15
13.2,13.01,13.19
13.2,13.15,13.2
13.29,13.07,13.29
13.24,13.06,13.18
13.26,13.26,13.26
13.24,13.24,13.24
13.22,13.22,13.22
13.16,13.16,13.16
13.18,13.18,13.18
13.23,13.23,13.23
13.25,13.2,13.2
13.2,13.2,13.2
13.18,13.18,13.18
13.27,13.26,13.27
13.23,13.11,13.23
13.24,13.05,13.24
13.24,13.24,13.24
13.24,13.24,13.24
13.2,13.13,13.2
13.14,13.05,13.14
13.22,13.22,13.22
13.15,13.05,13.15
13.15,13.14,13.14
13.15,13.1,13.13
13.09,13.09,13.09
13.19,13.1,13.1
13.25,13.15,13.15
13.15,13.01,13.02
13.13,12.99,12.99
13.19,13.18,13.19
13.19,13.19,13.19
13.24,12.84,13.24
13.23,13.16,13.16
13.22,13.18,13.22
13.19,13.15,13.19
13.15,13.15,13.15
13.12,13.1,13.12
13.1,13.1,13.1
13.15,13.03,13.03
13.15,13.11,13.15
13.11,13.06,13.06
13.14,13.14,13.14
13.1,13.1,13.1
13.15,13.1,13.15
13.14,13.11,13.14
13.04,13.04,13.04
13.15,13.05,13.15
13.15,13.1,13.15
13.2,13.19,13.2
13.2,13.2,13.2
13.2,13.2,13.2
13.26,13.18,13.26
13.31,13.23,13.31
13.45,13.24,13.45
13.49,13.31,13.48
13.5,13.5,13.5
13.5,13.34,13.34
13.6,13.46,13.6
13.6,13.32,13.32
13.62,13.37,13.37
13.65,13.58,13.58
13.58,13.55,13.55
13.56,13.52,13.56
13.74,13.69,13.7
13.85,13.7,13.7
14.19,14.03,14.19
14.0,13.91,14.0
13.87,13.87,13.87
14.05,13.89,13.9
13.99,13.88,13.98
14.02,13.85,14.02
14.03,14.0,14.0
14.0,14.0,14.0
13.99,13.9,13.92
14.06,14.0,14.0
14.06,14.01,14.06
14.04,14.04,14.04
14.03,13.88,14.03
14.0,14.0,14.0
14.03,14.03,14.03
13.96,13.77,13.95
13.64,13.64,13.64
13.53,13.5,13.5
13.81,13.56,13.6
13.9,13.82,13.9
14.0,13.96,14.0
14.06,14.01,14.06
14.1,13.97,14.1
14.03,14.02,14.02
13.9,13.89,13.9
14.24,14.05,14.05
14.23,14.14,14.14
14.24,14.23,14.24
14.27,14.15,14.2
14.27,14.2,14.27
14.35,14.34,14.35
14.64,14.43,14.43
14.5,14.42,14.48
14.48,14.45,14.48
14.53,14.53,14.53
14.7,14.64,14.7
14.7,14.49,14.49
15.07,14.83,14.85
14.98,14.8,14.81
15.4,15.09,15.4
15.47,15.31,15.36
15.67,15.5,15.5
15.67,15.4,15.4
15.29,15.28,15.29
15.5,15.33,15.5
15.51,15.51,15.51
15.57,15.56,15.57
15.47,15.47,15.47
15.58,15.34,15.34
15.33,15.32,15.32
15.47,15.32,15.36
15.38,15.38,15.38
15.38,15.38,15.38
15.5,15.42,15.5
15.51,15.5,15.5
15.68,15.65,15.68
15.5,15.5,15.5
15.62,15.5,15.5
15.7,15.68,15.7
15.98,15.83,15.98
16.0,15.93,16.0
16.71,16.35,16.71
16.8,16.32,16.32
16.6,16.52,16.6
16.45,16.45,16.45
16.8,16.45,16.45
16.88,16.79,16.8
17.6,17.31,17.45
17.49,17.35,17.49
17.37,17.35,17.35
17.35,17.35,17.35
17.35,16.95,17.09
17.38,17.16,17.3
17.33,17.27,17.33
17.6,17.41,17.58
17.49,17.43,17.43
17.48,17.48,17.48
18.5,18.35,18.5
18.79,18.3,18.78
18.89,18.59,18.86
18.78,18.25,18.25
17.71,17.13,17.14
16.59,16.2,16.5
16.9,16.6,16.9
17.3,17.1,17.24
17.28,17.14,17.28
17.7,17.3,17.3
17.46,17.33,17.33
17.38,16.99,17.37
17.0,16.99,17.0
16.94,16.94,16.94
17.2,16.96,17.17
17.21,17.05,17.21
17.47,17.47,17.47
17.37,17.08,17.37
17.26,17.26,17.26
17.56,17.41,17.54
17.55,17.55,17.55
17.6,17.6,17.6
17.89,17.75,17.89
18.2,17.82,18.05
18.14,17.94,17.94
18.18,18.04,18.18
18.74,18.52,18.74
18.6,18.6,18.6
18.99,18.8,18.99
19.85,19.4,19.7
19.7,19.09,19.41
19.32,19.1,19.16
19.25,18.96,19.25
19.19,19.19,19.19
19.31,19.0,19.31
19.2,19.06,19.2
19.32,19.15,19.31
19.45,19.27,19.45
19.46,19.44,19.45
19.51,19.49,19.51
20.14,19.7,20.14
20.38,19.95,20.11
20.99,20.75,20.79
20.67,20.21,20.42
20.23,20.04,20.04
20.54,20.51,20.54
20.86,20.64,20.7
20.74,20.42,20.73
20.65,20.5,20.65
20.66,20.4,20.44
20.31,20.3,20.3
20.11,20.02,20.02
19.83,19.5,19.5
20.01,19.82,20.0
20.19,20.19,20.19
19.89,19.89,19.89
20.0,19.89,19.89
20.0,19.99,20.0
20.15,19.99,20.15
20.3,20.24,20.24
20.59,20.38,20.58
20.53,20.36,20.36
20.6,20.53,20.53
20.6,20.46,20.6
20.66,20.45,20.65
20.6,20.2,20.34
20.29,19.9,20.27
20.3,20.26,20.26
20.25,20.25,20.25
20.69,20.28,20.64
20.62,20.41,20.41
20.56,20.26,20.3
20.57,20.3,20.57
20.5,20.33,20.33
20.75,20.66,20.69
20.9,20.7,20.88
20.9,20.76,20.89
20.89,20.8,20.89
20.99,20.99,20.99
20.99,20.99,20.99
21.0,20.92,20.92
21.35,21.21,21.35
21.46,21.45,21.46
21.96,21.62,21.69
21.96,21.87,21.96
22.23,22.23,22.23
22.6,22.21,22.6
22.45,22.43,22.43
22.3,22.29,22.3
22.5,22.39,22.39
22.5,22.46,22.46
22.42,22.24,22.25
23.24,23.2,23.22
23.25,23.06,23.25
23.33,23.33,23.33
23.46,23.46,23.46
23.45,23.16,23.45
23.5,23.3,23.47
23.8,23.35,23.6
23.75,23.6,23.62
23.79,23.79,23.79
23.71,23.57,23.58
23.69,23.42,23.42
23.89,23.79,23.8
23.89,23.87,23.89
23.99,23.99,23.99
24.01,23.99,23.99
25.0,24.48,24.98
25.34,25.11,25.12
25.76,25.56,25.76
25.5,25.2,25.2
25.7,25.4,25.4
25.66,25.32,25.32
25.69,25.38,25.69
25.69,25.65,25.69
25.97,25.5,25.5
25.43,25.11,25.34
25.28,24.6,24.93
26.28,26.0,26.26
26.3,26.11,26.12
26.71,26.65,26.68
27.25,27.14,27.25
27.44,27.03,27.44
27.42,27.3,27.3
27.56,27.0,27.0
27.05,26.78,27.05
27.42,27.02,27.42
27.41,27.27,27.41
27.5,27.3,27.5
27.31,27.22,27.25
27.05,26.84,26.97
27.35,27.07,27.35
27.09,27.09,27.09
27.5,27.35,27.35
27.4,27.4,27.4
27.37,27.37,27.37
27.32,27.21,27.27
27.14,26.52,26.52
26.34,26.0,26.1
27.0,26.62,26.99
26.99,26.98,26.99
26.85,26.42,26.42
26.99,26.75,26.99
26.65,26.47,26.63
26.99,26.81,26.81
26.88,26.54,26.88
27.5,27.19,27.5
27.57,27.29,27.29
27.8,27.32,27.79
28.2,28.12,28.15
28.6,28.49,28.6
29.48,29.04,29.39
29.5,29.39,29.5
29.65,29.39,29.65
29.52,29.35,29.4
29.5,29.21,29.39
29.9,29.6,29.9
30.0,29.83,29.98
29.99,29.9,29.9
29.81,29.81,29.81
29.9,29.81,29.89
29.86,29.77,29.77
29.99,29.75,29.99
30.07,30.0,30.0
30.15,30.0,30.14
30.41,30.22,30.3
30.5,30.44,30.5
30.87,30.0,30.86
31.06,31.0,31.05
30.74,30.49,30.74
30.44,30.15,30.15
29.46,28.9,29.09
29.5,29.32,29.5
29.39,28.51,28.51
28.82,28.2,28.82
29.51,28.95,29.51
29.81,29.51,29.81
29.64,29.63,29.63
29.64,29.44,29.63
30.37,29.93,30.37
29.76,29.58,29.74
29.8,29.78,29.8
29.8,29.8,29.8
30.25,29.8,30.01
30.16,29.82,30.16
30.23,29.9,30.23
30.41,30.31,30.41
30.49,30.17,30.25
30.46,30.43,30.43
30.83,30.53,30.83
31.5,31.16,31.5
31.39,31.01,31.34
31.1,31.05,31.1
31.1,31.01,31.02
31.15,31.15,31.15
31.2,31.01,31.15
31.15,30.88,31.0
31.47,31.31,31.47
31.75,31.41,31.48
32.55,31.94,32.0
32.99,32.55,32.99
33.6,33.25,33.6
34.22,33.6,33.75
34.0,33.5,33.79
33.67,33.36,33.67
33.75,33.47,33.72
33.98,33.62,33.98
34.6,34.42,34.42
34.75,34.48,34.48
34.65,34.55,34.56
34.6,34.07,34.07
34.77,34.31,34.31
34.03,33.75,33.9
34.32,34.32,34.32
34.49,34.22,34.22
34.5,34.17,34.33
34.34,34.3,34.3
34.25,34.13,34.13
34.11,33.96,33.96
34.27,34.22,34.22
34.21,34.17,34.2
34.31,34.24,34.24
34.46,34.24,34.46
34.5,34.41,34.5
34.75,34.66,34.75
35.5,35.24,35.26
36.57,35.5,36.51
36.89,36.56,36.89
36.92,36.9,36.9
37.49,37.48,37.49
40.5,38.77,39.4
40.58,40.24,40.58
40.6,40.12,40.26
40.77,40.39,40.77
42.0,41.24,41.97
44.35,43.55,44.25
47.61,44.98,47.37
48.0,47.34,47.59
48.94,47.13,47.13
46.92,44.82,46.33
46.0,33.0,42.0
41.43,39.0,41.43
44.0,43.07,43.91
42.89,42.12,42.89
44.67,42.5,43.0
42.8,42.12,42.13
42.24,41.33,41.91
42.48,42.48,42.48
42.87,42.66,42.73
43.32,42.53,43.08
43.99,43.5,43.99
43.5,43.48,43.5
43.66,42.72,43.66
43.76,43.23,43.75
45.01,44.07,45.01
44.25,44.0,44.0
45.92,44.72,45.92
45.99,45.3,45.3
46.39,45.85,46.38
46.4,46.01,46.4
46.49,46.0,46.49
46.71,46.26,46.5
47.0,46.46,47.0
46.2,45.97,46.2
46.25,45.89,45.89
46.3,46.15,46.15
47.0,46.51,46.8
48.0,47.49,48.0
47.96,47.29,47.96
48.25,47.81,48.15
47.92,44.0,45.74
46.82,45.74,46.82
44.62,43.02,44.62
44.31,43.4,43.91
44.19,43.91,44.19
46.0,45.21,45.21
45.35,44.79,44.79
45.39,44.99,45.39
46.2,45.88,46.2
46.96,46.22,46.96
46.7,45.5,46.54
46.85,46.68,46.7
47.0,46.99,46.99
47.69,47.65,47.69
47.47,46.9,47.46
47.97,47.5,47.5
47.47,46.92,46.97
47.2,47.1,47.15
47.29,47.28,47.29
47.29,47.1,47.19
47.27,47.1,47.27
47.29,47.09,47.09
47.0,46.92,46.92
47.26,46.92,46.92
46.9,46.83,46.9
46.99,46.68,46.68
46.8,46.6,46.69
46.9,46.58,46.9
46.79,46.73,46.73
47.0,46.73,46.73
46.78,46.74,46.78
47.0,46.89,47.0
47.0,46.94,47.0
47.09,46.96,46.96
47.1,47.03,47.03
47.1,46.98,47.1
47.24,46.99,47.0
47.23,47.0,47.23
47.3,47.05,47.29
47.31,47.01,47.29
47.49,47.25,47.48
47.92,47.65,47.65
52.0,49.99,51.99
51.71,51.1,51.7
52.3,51.75,52.3
55.86,55.0,55.86
57.99,54.76,57.75
58.3,58.11,58.19
59.83,59.4,59.53
60.6,59.5,59.68
59.99,59.3,59.61
61.0,60.03,61.0
64.85,63.94,64.65
67.99,66.01,66.01
65.7,64.8,65.7
66.09,65.41,65.42
67.1,65.95,67.1
68.93,67.91,68.49
76.76,73.54,76.0
75.15,73.55,74.48
74.47,71.75,71.75
74.16,73.3,73.4
72.8,70.93,72.48
72.84,70.15,72.02
71.2,70.31,71.2
71.03,65.7,69.27
70.19,68.81,70.19
68.99,68.02,68.02
65.1,51.76,51.76
66.5,61.5,62.98
65.7,63.12,63.12
62.52,60.25,60.98
64.7,63.68,63.95
65.72,64.66,65.58
67.1,66.5,67.1
69.07,68.15,68.17
70.14,69.3,69.3
70.8,70.01,70.65
70.22,69.28,69.34
70.69,69.37,70.69
70.69,70.2,70.69
71.0,70.53,70.53
77.89,73.0,75.7
77.51,76.3,77.0
75.76,74.3,75.5
76.23,75.01,75.93
78.0,77.12,78.0
82.04,80.0,81.0
81.0,78.22,81.0
80.89,77.9,78.54
79.82,78.75,78.77
83.6,80.57,82.73
86.49,84.5,85.83
88.71,87.11,87.4
89.43,88.54,89.43
89.49,88.75,88.87
90.34,88.87,89.93
91.1,90.0,91.1
94.83,92.93,94.83
94.96,93.38,94.45
96.63,95.4,96.38
96.8,85.0,88.9
88.96,84.0,88.87
90.89,87.4,87.4
92.99,91.0,91.99
93.49,91.53,92.46
90.4,88.33,90.26
90.7,89.9,89.9
90.59,89.7,90.59
93.9,92.1,92.62
93.91,91.84,93.91
93.2,92.21,93.2
93.0,91.71,92.89
92.95,92.4,92.95
92.95,92.12,92.95
93.98,92.55,93.98
93.71,93.51,93.51
94.5,93.95,94.49
93.88,93.01,93.84
94.92,94.08,94.92
96.0,95.25,95.98
94.89,94.4,94.89
96.19,95.75,95.88
97.49,96.0,97.49
106.0,102.2,104.65
104.99,102.66,103.08
104.74,102.01,103.63
105.15,103.8,105.15
103.39,101.89,103.39
110.0,108.0,108.95
113.36,109.97,111.0
115.27,113.89,114.0
117.0,114.0,116.5
123.76,119.06,121.84
150.0,135.0,135.0
141.9,138.77,141.07
135.6,130.51,135.26
135.26,117.0,118.0
135.0,125.0,125.12
133.27,124.88,133.0
133.41,129.98,133.0
150.0,137.5,141.12
135.0,131.5,133.9
137.46,132.28,133.6
135.0,133.0,134.44
137.79,134.99,137.46
139.74,138.0,139.74
140.75,139.83,140.75
139.99,137.77,139.99
143.65,141.8,142.6
142.4,141.4,142.4
142.93,142.0,142.0
143.3,142.0,143.3
143.49,141.89,143.45
142.65,141.75,142.65
142.79,140.3,140.33
142.6,140.65,142.6
142.79,141.5,142.79
142.8,142.01,142.8
155.47,149.98,153.68
160.0,153.0,154.6
162.0,157.03,161.0
165.0,163.61,165.0
171.51,167.5,169.82
180.76,176.0,180.4
190.5,183.51,190.07
195.45,173.47,190.37
195.37,192.0,195.37
187.97,184.7,187.97
190.4,188.25,190.4
191.72,188.0,191.72
210.5,164.34,209.02
221.76,215.1,221.0
235.29,229.03,234.0
228.99,224.51,226.89
228.8,224.67,227.98
230.0,226.0,229.95
259.34,249.9,257.7
240.0,208.0,212.0
186.0,129.0,173.0
179.0,162.0,171.2
166.69,157.9,160.0
178.79,159.05,160.0
160.0,144.0,144.06
110.14,80.0,88.0
63.0,60.0,61.97
82.48,68.32,71.04
72.79,64.0,67.81
84.99,80.0,84.98
75.0,45.0,71.0
64.98,60.09,63.4
93.24,80.1,87.11
118.0,90.0,105.0
102.56,91.37,95.0
107.49,99.02,104.98
119.0,112.0,116.1
115.69,113.0,114.95
100.0,85.0,95.0
95.0,90.11,92.4
98.48,95.01,98.29
99.99,97.5,97.5
96.15,93.3,96.13
97.98,96.0,96.49
96.7,93.0,95.0
93.45,90.0,92.7
93.83,91.23,93.34
97.45,94.5,96.0
97.88,96.0,96.5
93.49,91.0,92.0
87.01,80.0,80.0
75.85,70.0,71.12
68.22,55.5,62.41
61.41,53.0,56.0
64.4,60.0,60.66
82.0,73.5,79.0
72.01,65.0,70.22
68.73,60.0,64.14
72.98,60.54,71.73
82.85,74.91,82.01
87.04,81.0,85.55
92.96,89.5,89.5
91.96,86.17,90.21
91.64,89.6,91.64
91.39,90.0,91.39
92.82,91.7,92.47
93.5,91.91,92.2
97.4,95.0,97.1
95.7,93.0,94.99
109.3,104.3,107.0
116.53,112.99,115.05
140.2,100.0,126.99
119.0,112.11,117.0
120.32,112.79,120.32
118.69,115.6,118.5
118.98,116.65,116.65
117.01,114.4,116.25
120.0,118.99,119.79
119.99,118.0,119.54
124.02,120.0,124.02
128.25,123.2,125.9
129.0,125.0,127.97
128.75,127.16,127.5
124.01,119.6,120.86
125.22,121.0,125.22
119.0,102.0,102.59
125.45,120.02,122.51
121.65,116.0,119.99
120.16,117.99,120.0
122.33,119.05,119.51
120.7,118.19,120.65
124.0,122.0,124.0
125.49,121.12,124.0
125.97,125.0,125.97
125.6,125.0,125.01
124.0,123.01,124.0
133.99,132.5,132.72
134.78,132.75,134.5
137.95,136.26,137.29
142.64,139.06,142.64
142.03,138.88,138.88
147.9,139.0,147.01
161.0,155.76,159.05
151.04,141.1,151.04
150.31,146.95,149.0
152.0,150.0,151.19
155.39,153.51,155.32
159.66,154.5,154.8
170.28,152.03,154.18
150.89,140.2,145.5
142.03,140.0,141.9
139.24,134.46,135.0
133.25,126.68,130.0
132.88,130.0,131.61
136.73,132.0,133.99
134.5,132.8,133.76
137.44,135.01,137.3
137.8,136.75,137.69
138.09,136.01,138.07
137.0,136.0,136.6
134.26,132.5,132.5
132.5,125.76,127.03
128.99,127.71,128.8
131.82,130.03,131.82
132.3,130.99,131.4
133.73,131.71,133.71
148.18,133.63,136.0
136.9,131.39,133.21
135.31,132.5,135.28
136.63,123.96,136.63
136.3,135.29,136.3
144.0,138.77,140.3
143.73,141.11,143.43
142.69,141.0,142.35
143.32,142.0,143.31
143.91,142.01,143.85
144.33,144.06,144.32
144.7,143.35,144.39
141.75,136.0,139.08
138.5,134.66,136.84
141.28,136.81,139.88
139.4,130.0,130.03
134.31,131.45,132.5
132.41,131.1,132.41
130.62,128.0,129.78
121.71,104.9,110.66
116.87,115.04,116.75
119.4,116.0,118.15
125.31,118.03,123.9
118.41,114.0,115.0
106.0,93.01,98.92
105.38,103.5,105.38
109.49,103.13,106.81
100.95,97.01,97.83
97.7,90.5,94.34
89.15,82.13,82.13
97.13,90.0,90.21
92.3,90.15,91.27
98.21,93.93,98.08
96.73,95.0,95.5
101.37,98.0,100.2
103.36,98.71,102.9
110.69,106.01,110.51
113.0,109.54,110.08
113.59,111.41,112.62
118.76,116.31,118.0
115.0,106.5,108.0
113.46,106.66,111.35
115.6,113.3,114.8
117.72,115.06,115.63
117.31,115.72,116.57
119.94,117.56,119.15
122.31,120.0,122.07
123.97,112.67,122.2
119.69,116.24,119.59
120.9,116.51,116.64
113.79,110.23,112.71
110.66,103.06,106.06
111.9,106.62,106.95
112.0,98.77,108.09
106.45,100.99,106.23
107.05,105.16,106.99
112.35,110.0,110.0
115.95,112.68,114.92
116.29,110.96,114.98
112.92,111.54,112.48
113.5,110.95,113.0
114.31,112.79,113.96
113.87,111.6,113.16
110.68,109.0,110.68
112.11,111.07,112.08
112.13,110.52,111.99
112.3,111.2,111.98
112.59,112.0,112.5
112.51,111.16,111.96
111.79,110.49,111.79
112.0,111.0,112.0
116.0,114.62,115.66
118.7,116.01,117.7
118.5,116.8,118.5
118.24,116.97,117.9
118.5,115.11,116.84
115.5,112.95,114.87
117.88,116.04,116.32
116.6,115.5,116.0
116.0,114.5,115.38
115.59,114.55,115.04
115.67,114.76,115.01
117.86,116.42,116.95
116.09,115.26,115.32
115.07,113.84,113.84
114.34,113.19,113.4
115.12,114.26,114.5
115.14,114.37,114.98
116.3,114.6,114.97
117.45,116.61,117.45
116.68,115.93,116.46
116.83,115.99,116.73
116.0,115.49,115.99
116.19,115.08,115.2
116.56,116.18,116.38
117.5,117.04,117.4
117.9,117.02,117.69
117.42,114.03,114.05
110.55,104.0,107.0
106.19,104.51,105.65
112.5,109.0,110.87
112.36,110.3,111.19
112.5,111.03,112.0
109.53,106.98,109.36
109.69,107.87,108.95
111.57,108.96,110.0
110.28,109.5,110.24
109.99,109.15,109.78
111.41,110.52,111.4
111.88,110.65,111.79
113.35,111.76,113.35
113.7,112.82,113.7
113.99,113.24,113.66
114.11,113.46,114.0
114.8,114.03,114.73
118.1,117.12,117.97
117.53,116.0,116.73
117.88,117.01,117.87
117.48,116.0,117.37
116.96,116.41,116.94
118.0,115.99,116.97
118.32,117.22,118.3
118.55,117.38,118.49
118.63,117.82,118.63
118.98,117.58,118.12
118.94,118.19,118.94
118.66,118.25,118.3
118.0,116.0,116.49
117.33,115.71,116.38
116.57,116.32,116.57
117.0,116.26,116.97
117.51,116.76,117.51
118.17,117.75,118.17
118.52,118.0,118.49
118.16,116.55,116.55
118.49,117.93,117.94
118.17,117.3,118.16
117.85,117.07,117.31
118.24,117.22,117.5
117.97,117.27,117.88
118.0,117.13,117.5
117.88,117.2,117.87
118.5,117.3,118.03
118.42,117.53,118.0
118.23,117.8,117.85
119.37,117.11,119.35
119.28,118.31,119.11
119.49,118.82,119.49
119.62,119.26,119.62
119.64,119.08,119.64
120.66,120.16,120.64
121.89,121.12,121.89
123.84,122.29,123.84
124.11,123.97,124.11
123.88,122.52,123.0
124.38,122.75,124.37
128.58,125.22,126.12
129.87,127.2,129.87
129.11,126.18,129.11
129.47,129.11,129.47
129.7,128.89,128.96
129.3,128.52,128.52
128.2,127.0,127.67
128.82,127.97,128.82
128.65,127.89,128.59
129.12,127.99,129.11
129.19,128.26,129.19
129.36,129.01,129.35
129.94,129.18,129.18
130.15,129.37,130.15
130.28,129.6,130.1
130.29,129.46,129.74
130.41,129.81,130.41
130.55,130.08,130.4
130.48,129.52,130.2
129.69,124.1,125.99
127.26,126.19,126.31
127.02,125.86,126.93
125.33,124.29,125.2
127.11,125.84,126.99
126.24,124.02,124.2
125.92,125.12,125.92
126.21,125.54,125.9
126.78,126.12,126.59
126.98,126.15,126.98
127.12,126.77,126.88
127.32,126.12,126.51
130.08,127.55,129.8
130.4,126.91,128.47
129.99,128.64,129.99
130.2,128.55,130.18
129.85,129.09,129.25
129.97,129.26,129.97
131.0,128.17,129.63
127.28,126.07,126.37
127.33,126.01,127.33
127.98,127.29,127.92
128.25,127.2,127.3
128.35,127.71,128.29
129.87,127.1,127.23
128.25,126.62,127.15
128.39,127.23,128.04
128.59,127.59,128.0
128.35,127.71,128.26
128.86,128.08,128.83
128.14,127.36,128.14
128.83,128.0,128.83
128.8,128.02,128.77
128.48,128.01,128.3
125.44,121.27,124.0
123.0,120.7,123.0
122.53,120.41,120.85
121.61,120.89,121.5
121.12,119.9,120.85
120.2,119.31,119.52
119.79,117.51,117.51
119.2,118.23,119.14
121.85,119.86,120.52
122.6,121.5,122.02
123.66,122.52,123.51
122.91,121.66,122.5
122.85,118.89,122.0
122.1,118.73,119.33
120.7,119.76,120.59
121.0,120.05,120.19
120.81,120.22,120.75
120.52,119.89,119.89
120.49,119.8,120.34
120.98,119.88,120.06
121.99,121.33,121.42
121.39,119.98,120.23
121.07,120.05,120.19
121.28,120.45,120.6
120.6,119.92,120.01
120.64,119.9,120.22
120.35,119.59,120.1
119.97,119.1,119.73
118.77,117.97,118.11
117.9,117.0,117.89
116.97,113.65,113.89
114.5,111.79,113.04
112.49,110.41,111.7
111.04,110.01,110.03
110.74,109.1,109.1
112.45,110.74,111.96
110.17,109.07,109.23
109.88,108.91,109.0
109.73,108.58,108.81
109.78,109.21,109.31
110.0,108.0,108.75
106.43,95.0,101.05
97.52,90.0,91.66
96.48,92.5,93.58
98.83,94.52,97.43
102.52,99.38,101.04
98.0,93.5,96.86
107.9,103.05,106.49
106.23,104.48,104.6
102.98,100.65,100.65
104.96,101.99,103.73
105.59,104.7,105.35
105.79,104.89,105.79
105.24,104.01,104.98
106.6,104.93,105.81
107.09,105.79,106.86
107.93,106.02,106.9
107.89,107.03,107.41
107.99,106.38,107.09
107.73,106.95,107.0
107.99,106.98,107.31
109.44,108.94,108.95
109.86,107.47,108.4
107.93,105.23,106.35
107.92,107.24,107.86
108.36,107.48,107.48
108.41,107.85,108.29
107.5,106.69,107.0
107.2,106.32,107.0
104.0,95.0,103.37
102.45,99.81,101.01
102.95,99.95,101.22
102.14,101.05,101.06
101.25,99.02,100.0
100.96,99.23,100.33
99.45,97.85,99.42
99.99,98.38,99.94
99.2,97.3,98.07
102.6,98.88,100.7
100.89,100.01,100.01
100.68,99.75,99.75
100.62,99.75,99.75
100.0,99.5,99.99
100.0,99.22,99.35
101.11,99.82,99.93
101.0,99.96,99.99
100.96,99.9,100.17
99.87,99.27,99.81
99.5,98.7,99.5
100.04,99.35,100.04
100.29,99.0,100.05
100.87,100.11,100.43
100.55,99.55,100.55
100.67,99.99,100.15
102.0,100.62,100.62
102.97,102.11,102.31
104.36,103.27,103.92
107.75,105.91,106.92
106.63,103.85,105.49
104.95,102.7,103.78
104.37,103.6,104.06
106.4,104.38,106.4
107.5,104.99,106.11
106.9,105.44,106.72
105.99,105.26,105.7
105.5,104.35,105.5
105.74,104.81,104.91
105.9,104.94,105.9
107.68,106.0,106.0
107.0,104.89,105.6
107.55,106.0,107.47
106.17,102.47,105.1
103.94,100.0,103.41
104.2,100.68,101.85
103.11,101.5,102.87
102.29,99.51,100.72
103.0,101.64,101.84
102.93,101.0,101.0
102.25,101.12,101.8
101.41,100.2,100.65
100.17,98.55,99.94
100.7,99.54,99.99
101.45,100.11,100.4
100.27,99.56,99.6
100.33,98.8,98.8
101.01,100.28,100.74
101.01,100.23,100.3
101.0,100.1,100.14
100.46,98.5,100.46
100.45,99.9,100.4
100.4,100.01,100.31
102.18,100.71,101.4
100.72,99.22,99.22
98.99,95.0,97.1
98.8,97.5,98.53
99.05,97.56,99.0
99.28,98.11,99.27
100.98,99.63,100.29
100.53,99.94,100.53
100.4,99.47,99.87
99.96,98.0,99.17
98.8,98.0,98.78
98.59,98.2,98.58
98.84,98.15,98.5
99.49,98.21,99.44
98.73,97.49,98.13
99.2,98.32,99.2
99.12,98.3,98.99
98.39,97.75,97.75
98.37,97.61,98.23
98.42,97.57,98.4
98.32,97.7,97.75
98.0,97.67,97.74
98.0,97.25,97.9
96.5,92.61,93.91
94.98,92.44,93.6
94.74,90.0,91.03
93.1,90.01,92.28
90.6,88.11,88.6
91.0,90.17,90.53
88.89,88.11,88.11
91.19,90.06,91.19
90.97,90.23,90.5
91.0,90.53,90.53
90.0,89.24,89.97
89.54,88.5,88.99
88.8,88.44,88.51
88.86,88.53,88.86
88.85,88.11,88.85
89.36,88.5,89.36
89.84,89.38,89.38
89.41,89.0,89.38
89.52,89.16,89.52
89.76,89.55,89.59
88.85,88.21,88.51
88.0,87.2,87.32
89.0,85.01,86.43
84.0,81.24,82.58
86.63,83.5,85.34
85.62,83.5,84.55
85.55,84.42,85.31
86.76,85.1,85.1
87.31,85.99,86.51
88.29,87.57,88.23
89.56,88.11,88.11
87.96,86.75,86.85
87.01,86.18,86.93
86.54,83.92,83.99
83.18,82.2,82.74
80.5,78.91,79.98
79.65,76.01,77.29
74.65,73.0,73.03
78.28,76.5,77.2
78.09,77.06,77.5
81.01,77.8,79.37
80.23,78.49,79.54
79.25,78.04,78.12
78.81,77.35,77.4
74.67,72.0,73.12
73.4,71.01,71.9
72.56,63.26,68.5
70.96,67.1,67.5
67.5,65.99,66.01
68.03,66.51,67.03
72.88,68.21,72.8
68.0,65.35,65.99
66.99,63.12,65.29
68.0,65.1,66.27
66.15,64.89,65.76
66.06,65.2,66.06
66.3,65.8,66.09
66.6,65.9,66.29
69.99,67.5,68.9
70.01,68.82,70.01
73.98,71.18,73.89
76.93,74.81,76.93
76.0,74.38,74.76
74.0,71.03,71.03
74.67,73.87,74.41
74.2,73.42,74.2
74.4,73.83,74.39
74.24,73.8,74.0
73.96,72.78,73.72
73.02,70.47,72.09
74.41,72.47,73.59
75.43,74.51,74.99
75.83,75.0,75.4
75.41,74.91,75.41
77.3,75.99,76.84
76.48,76.06,76.4
78.0,76.01,77.32
86.64,82.01,85.19
89.96,84.0,86.2
85.62,84.86,85.4
87.21,85.75,86.62
86.34,84.8,84.8
87.85,84.3,86.64
87.32,86.11,86.16
89.98,86.6,89.98
98.79,92.51,94.21
96.51,90.5,94.98
96.0,94.02,94.94
93.07,91.77,93.07
90.48,88.0,88.66
89.7,88.69,88.87
90.62,87.4,88.57
88.35,87.89,88.35
91.0,90.31,90.89
91.0,90.05,90.24
89.25,88.41,89.0
92.02,91.0,91.56
91.81,91.28,91.28
92.83,92.1,92.75
92.5,92.0,92.15
92.92,92.3,92.34
92.31,91.29,91.34
90.01,88.89,89.76
89.29,88.79,89.29
94.49,90.75,92.39
95.0,93.05,94.68
93.97,93.07,93.8
94.0,93.52,94.0
93.9,93.64,93.79
92.98,92.41,92.85
93.47,92.55,93.34
92.3,91.13,91.98
93.55,92.5,92.5
92.75,91.67,91.72
91.84,91.7,91.78
92.02,91.61,92.02
92.0,91.19,91.6
90.98,90.32,90.75
91.03,89.98,90.54
91.18,90.91,91.0
90.69,90.01,90.62
90.0,87.01,87.25
81.94,78.8,81.78
79.99,77.0,78.8
83.39,82.16,82.99
85.99,84.0,85.07
85.25,83.7,83.7
84.16,83.42,83.92
84.53,83.53,83.85
84.76,84.11,84.11
86.25,84.68,85.74
86.0,84.53,85.81
85.53,85.25,85.48
86.99,86.68,86.73
86.7,86.49,86.69
87.01,86.56,86.65
86.84,86.55,86.82
86.22,85.6,85.6
85.51,85.11,85.44
85.08,84.59,84.99
85.6,85.23,85.41
85.95,85.0,85.0
85.0,84.45,84.77
85.8,84.88,85.45
86.0,85.71,86.0
86.63,86.1,86.58
86.45,86.04,86.32
86.53,86.0,86.0
87.08,86.28,86.69
86.03,85.65,85.93
86.18,86.05,86.18
86.54,86.05,86.54
87.09,86.01,87.09
85.74,83.3,85.5
88.31,87.51,88.0
87.5,86.84,87.49
87.32,86.87,86.87
87.53,87.23,87.53
87.5,86.88,86.95
87.75,87.28,87.74
87.96,87.53,87.76
88.38,87.61,88.18
88.57,88.35,88.35
88.06,87.33,87.56
87.95,87.08,87.95
89.44,88.88,89.35
90.52,89.65,90.31
90.66,90.0,90.25
90.5,89.6,90.02
89.9,89.45,89.74
89.73,89.21,89.21
90.79,88.73,90.45
91.05,90.57,91.05
91.0,89.67,90.31
90.04,89.72,89.89
89.54,89.13,89.54
88.58,87.8,88.21
89.0,88.39,88.81
89.36,89.0,89.04
89.03,88.0,88.73
88.47,88.12,88.14
88.1,87.9,88.07
88.5,88.09,88.23
89.35,88.79,89.28
91.67,89.83,91.0
91.55,91.01,91.04
93.21,92.5,92.96
92.3,91.57,91.61
92.6,91.1,92.5
93.3,92.0,92.9
93.4,92.64,93.4
93.5,92.51,93.16
93.46,92.83,93.44
93.95,93.1,93.12
94.13,93.39,94.1
94.31,93.43,93.72
94.64,94.33,94.43
94.66,94.02,94.66
97.5,96.51,96.95
100.49,97.65,99.43
99.79,98.16,99.72
100.72,100.31,100.46
98.05,95.04,97.01
99.6,98.7,99.09
98.29,97.77,97.96
98.25,97.92,98.16
97.35,97.03,97.11
97.93,97.64,97.68
97.7,97.47,97.51
96.25,95.18,95.89
96.79,96.21,96.66
96.62,94.47,94.49
96.84,94.79,96.57
98.3,97.45,97.77
98.7,97.73,98.7
98.49,96.49,97.35
95.99,95.8,95.92
96.59,96.14,96.54
96.83,96.18,96.58
96.48,95.66,95.66
95.91,95.0,95.43
96.2,95.0,95.85
96.25,95.5,96.25
96.33,96.03,96.19
96.25,96.05,96.06
96.24,95.9,96.18
96.44,96.18,96.28
96.59,96.07,96.23
96.38,96.35,96.38
97.24,96.74,97.24
97.4,96.5,96.5
98.17,96.75,97.0
98.7,97.99,97.99
98.92,98.01,98.43
98.25,97.6,97.6
98.18,97.29,97.77
98.75,97.81,97.81
98.57,97.83,98.55
98.75,97.98,98.63
97.82,97.49,97.77
97.99,97.69,97.88
98.0,97.58,97.71
97.5,97.24,97.5
97.86,97.23,97.78
98.26,97.8,98.21
97.84,97.48,97.76
97.12,96.68,96.68
96.81,96.66,96.7
97.0,96.4,96.41
96.62,95.0,96.0
93.77,92.99,93.41
95.26,93.15,94.42
94.5,93.0,93.93
94.47,94.02,94.47
94.29,93.49,94.17
94.0,90.0,92.09
92.85,92.14,92.45
92.95,92.03,92.59
92.77,92.27,92.27
93.4,92.77,93.29
92.59,92.45,92.59
93.01,92.66,93.01
93.54,92.8,93.11
94.25,93.5,93.67
93.67,93.22,93.66
93.8,93.77,93.8
93.99,93.35,93.95
93.85,93.39,93.82
93.91,93.6,93.91
94.27,93.98,94.1
94.5,94.0,94.5
94.64,94.0,94.19
94.59,93.77,94.59
93.92,93.31,93.92
94.3,93.72,94.02
94.05,93.79,93.98
95.49,95.22,95.25
95.0,94.83,94.97
97.0,95.04,96.63
96.15,95.6,95.85
97.02,95.59,96.35
97.0,96.73,96.96
98.14,97.03,97.38
98.4,98.34,98.38
100.65,98.82,100.62
100.19,98.97,99.61
100.5,98.72,100.5
99.02,97.96,98.84
99.27,98.74,99.27
99.57,99.05,99.51
100.01,99.01,99.36
99.63,96.71,97.5
98.72,98.11,98.56
98.41,97.89,98.04
98.49,98.08,98.2
97.95,97.03,97.11
97.57,97.0,97.55
97.37,96.5,97.23
98.43,97.61,98.42
98.98,98.61,98.98
98.48,98.22,98.22
98.28,97.48,97.5
98.2,97.75,97.9
98.34,97.69,97.71
99.03,98.33,98.56
99.5,99.01,99.1
99.99,99.35,99.64
98.99,98.41,98.41
98.99,98.5,98.7
99.48,99.01,99.47
99.3,98.94,99.0
99.28,98.96,98.96
99.35,99.0,99.0
99.99,99.4,99.95
103.0,100.86,102.69
103.0,102.5,102.74
103.82,102.69,102.69
102.43,101.73,102.03
102.89,102.81,102.84
103.67,102.99,103.0
103.2,102.77,103.16
104.77,100.38,103.26
104.76,104.3,104.53
104.71,103.75,104.47
106.49,104.56,106.16
106.76,105.88,106.3
106.5,106.18,106.18
106.46,105.99,106.24
110.42,107.07,109.5
113.76,110.54,113.75
111.78,110.22,111.69
111.86,111.37,111.83
111.95,110.91,111.7
113.02,112.01,112.01
112.7,112.0,112.0
109.96,109.25,109.96
109.88,109.11,109.69
109.11,108.44,108.97
108.31,104.2,105.33
108.65,107.46,108.4
109.83,109.0,109.74
107.77,106.63,107.12
107.98,107.42,107.7
107.86,107.32,107.32
107.5,107.0,107.2
108.33,107.32,108.27
109.49,108.53,109.48
109.8,108.44,109.36
109.28,109.15,109.24
110.22,109.2,110.1
110.46,109.68,110.43
112.37,110.44,112.0
111.46,110.94,111.46
112.68,112.17,112.18
113.28,112.46,113.12
112.72,112.0,112.06
113.14,112.66,112.98
112.39,111.24,112.1
111.89,110.27,111.77
111.75,111.0,111.0
112.99,111.76,111.9
114.99,111.85,114.98
118.76,115.5,118.0
117.82,117.0,117.8
118.4,116.0,117.14
118.5,117.86,118.5
118.38,117.69,117.75
118.41,118.03,118.41
118.24,117.04,117.53
118.45,117.84,118.1
118.98,117.79,117.8
119.45,118.95,119.3
118.89,117.89,117.91
118.2,117.0,118.06
118.35,117.74,117.79
119.0,118.25,118.75
119.46,118.5,118.89
119.57,118.11,118.25
119.0,118.5,118.5
119.08,118.88,118.92
119.06,118.43,118.96
118.93,118.65,118.68
124.99,118.37,124.71
125.8,122.87,123.86
125.2,124.65,124.86
125.41,125.09,125.13
126.0,125.1,125.35
127.31,125.58,127.29
130.06,128.7,129.69
132.49,129.99,131.24
133.15,125.5,128.0
129.38,127.35,127.4
130.36,129.25,130.2
131.97,130.13,130.66
131.72,130.7,131.5
131.7,130.61,130.78
130.8,129.69,130.66
130.2,128.76,128.98
131.96,128.62,128.62
131.93,131.0,131.01
131.93,130.55,131.08
131.4,128.9,130.02
130.15,129.33,130.15
130.66,129.75,130.04
130.58,129.14,129.23
128.66,127.0,127.7
130.64,129.6,130.63
130.85,129.7,129.7
129.92,129.02,129.18
129.44,129.09,129.32
129.92,129.06,129.09
129.94,129.1,129.63
129.49,128.51,128.72
126.43,121.02,124.47
123.64,121.11,122.81
122.53,118.36,120.87
122.3,121.0,122.3
118.9,117.47,118.48
127.5,123.04,124.75
124.44,123.51,124.05
122.77,120.99,122.5
124.0,121.7,121.96
122.49,121.96,122.23
122.45,121.47,122.01
123.7,121.72,122.5
119.7,115.21,117.05
118.99,116.55,117.67
117.5,115.5,116.92
118.05,117.27,117.41
119.51,118.18,119.44
120.21,118.96,120.2
119.57,118.07,118.78
119.93,119.24,119.93
120.68,120.47,120.47
119.66,118.99,119.58
118.2,117.6,118.19
119.0,117.76,118.77
118.79,118.06,118.5
118.36,117.21,118.34
118.19,117.31,117.78
117.69,116.76,117.59
117.69,116.62,117.69
124.13,118.23,122.35
123.3,122.5,122.87
121.71,120.3,121.68
121.99,121.15,121.96
122.99,121.77,122.0
123.7,122.5,122.86
124.17,122.79,123.77
122.79,122.0,122.26
122.8,122.01,122.07
122.96,122.34,122.96
121.0,120.06,120.06
121.24,119.62,121.08
125.0,123.59,124.92
124.97,123.7,123.7
127.7,125.75,127.55
127.9,127.03,127.81
126.61,124.55,125.99
125.9,124.62,125.9
127.71,126.6,126.95
128.08,126.5,128.08
127.45,126.17,126.38
127.98,125.05,127.93
127.59,126.73,127.45
127.6,126.67,127.58
128.71,128.3,128.38
128.55,127.0,128.08
127.71,126.9,127.71
127.98,127.1,127.22
127.4,126.91,127.34
127.15,126.46,126.98
126.79,125.7,126.21
125.33,123.05,124.03
124.5,123.74,124.49
124.19,123.23,123.55
124.69,123.61,124.69
126.25,124.33,125.66
125.3,124.96,125.0
125.4,124.2,125.13
125.36,124.84,125.36
125.95,125.04,125.94
126.27,125.25,125.39
126.17,125.75,126.17
125.99,125.52,125.96
126.32,125.73,125.8
126.46,125.67,126.27
126.43,125.81,126.08
126.38,125.78,126.37
127.25,126.26,126.7
127.45,126.8,127.43
127.5,127.0,127.43
127.18,126.05,126.92
127.0,126.45,127.0
127.33,126.86,127.33
127.96,127.31,127.45
127.9,127.01,127.3
127.99,127.01,127.87
127.2,126.0,127.0
127.69,127.09,127.2
127.95,127.05,127.47
126.62,125.59,126.4
126.52,124.4,125.96
125.78,124.34,125.4
124.48,123.94,124.18
124.97,123.7,124.94
124.35,123.01,123.4
125.49,124.3,124.7
124.84,123.8,124.83
123.9,122.76,123.77
123.09,121.84,122.91
123.33,122.49,123.33
123.27,122.22,122.84
124.1,123.85,124.0
123.73,123.34,123.6
123.56,122.85,123.54
123.69,123.39,123.39
123.3,122.99,123.06
123.35,123.2,123.3
123.05,122.83,123.05
123.34,122.8,122.99
123.16,122.69,122.95
123.27,122.93,123.27
123.95,123.27,123.4
123.59,123.22,123.56
122.81,121.7,122.35
123.93,123.23,123.8
123.1,122.38,123.01
123.0,122.63,122.63
123.33,122.13,122.34
122.99,122.01,122.53
122.63,121.99,122.48
123.0,121.78,122.89
122.96,122.5,122.89
123.99,123.7,123.86
124.8,124.0,124.33
124.99,124.3,124.65
124.58,124.02,124.49
124.27,123.98,123.98
124.6,124.18,124.6
124.01,123.24,124.01
124.32,123.31,123.31
124.33,123.85,124.33
124.56,124.0,124.48
124.48,124.08,124.41
124.58,123.59,124.58
124.89,123.26,124.13
125.27,124.35,125.03
126.5,125.14,126.49
125.89,125.11,125.88
126.87,126.0,126.73
126.11,125.58,126.11
126.85,125.5,125.87
126.92,125.11,125.7
126.49,126.03,126.1
126.99,126.0,126.74
126.82,126.2,126.81
126.82,126.19,126.46
126.78,126.14,126.51
127.5,126.62,127.0
127.22,126.8,127.21
127.8,127.25,127.52
128.0,127.49,127.71
128.48,127.7,128.02
127.88,126.83,127.19
126.97,126.03,126.88
126.42,125.54,125.93
125.31,122.77,125.27
127.53,127.0,127.2
126.49,125.26,126.3
126.25,125.38,125.42
126.5,125.88,126.5
127.09,126.01,127.08
127.91,126.0,127.66
127.93,127.6,127.88
127.78,126.8,127.37
127.5,126.76,127.5
127.5,126.73,127.5
127.8,127.01,127.2
127.44,126.43,126.45
127.05,126.14,126.4
127.03,85.0,115.8
109.48,101.36,105.0
106.65,103.5,106.65
112.0,110.0,110.73
110.7,108.0,109.37
113.29,111.55,113.2
117.49,115.56,117.49
117.21,116.26,116.52
119.26,118.0,119.05
119.28,117.97,118.81
121.66,120.91,121.0
121.92,121.5,121.63
122.62,121.86,122.15
122.54,121.95,122.25
121.86,121.53,121.84
122.17,121.54,122.0
121.9,121.28,121.45
121.89,121.53,121.85
121.9,121.11,121.7
121.3,121.12,121.3
121.78,121.25,121.26
122.37,121.74,122.37
122.27,121.41,122.22
121.95,121.3,121.89
121.98,121.52,121.98
122.49,122.0,122.48
122.73,122.63,122.73
123.15,122.3,123.14
123.5,122.68,123.22
123.63,123.5,123.63
123.61,123.1,123.59
123.86,120.11,123.85
124.18,123.72,123.98
124.07,123.61,123.61
123.43,122.99,123.17
123.79,122.82,123.5
123.87,123.76,123.76
125.16,124.24,125.16
125.17,124.34,124.43
125.2,124.42,125.0
124.8,123.98,124.16
125.85,125.02,125.12
127.44,126.02,127.43
126.4,125.54,125.9
126.68,126.06,126.48
126.0,125.62,126.0
126.0,125.46,125.96
125.95,125.5,125.81
126.47,125.55,125.78
126.8,126.21,126.46
126.93,126.53,126.87
126.8,126.03,126.08
126.78,126.5,126.77
127.2,125.97,127.16
127.25,126.84,127.24
127.42,126.72,126.86
127.41,127.0,127.02
127.72,126.7,126.7
127.82,127.15,127.35
127.59,127.24,127.36
127.91,127.51,127.58
128.0,127.65,128.0
127.98,127.62,127.91
128.19,127.88,127.88
128.19,127.66,128.0
128.75,128.21,128.75
132.5,129.63,132.0
133.0,132.0,132.34
137.54,133.03,136.18
136.08,134.65,134.74
138.0,135.1,137.16
135.49,134.81,135.49
135.75,134.8,135.37
134.95,133.88,134.93
136.15,136.0,136.0
135.75,134.73,135.63
135.71,134.99,135.71
139.43,135.75,138.63
140.07,138.66,138.68
140.1,139.46,139.86
145.66,144.01,145.01
147.0,145.61,146.45
145.5,143.2,144.6
146.73,145.52,146.23
143.73,140.5,143.49
140.5,138.11,138.21
138.56,137.23,138.0
140.56,139.73,140.55
145.0,142.11,143.17
143.0,142.0,142.71
143.83,142.53,143.24
143.97,143.72,143.97
143.98,143.56,143.97
143.98,143.55,143.55
148.85,143.98,145.7
154.69,148.82,152.52
151.01,150.26,151.0
152.43,151.42,152.24
153.81,153.35,153.57
159.94,154.5,158.3
172.0,158.23,167.27
169.0,166.87,168.79
165.85,164.74,165.67
164.45,163.03,164.1
166.1,162.54,162.54
165.97,165.33,165.33
165.92,164.99,165.56
166.05,164.5,165.9
165.85,163.87,164.98
166.25,165.45,166.19
167.69,166.13,167.69
169.99,168.62,169.88
174.89,171.49,174.85
177.63,175.12,175.6
178.57,176.75,178.25
180.76,178.89,179.44
184.09,180.4,184.09
187.55,185.0,187.55
193.51,189.51,193.49
191.0,185.0,188.98
193.08,188.0,188.21
189.75,187.2,188.0
191.84,189.57,191.8
194.25,187.91,191.9
192.25,189.69,192.24
195.74,193.4,195.1
201.97,196.7,199.25
203.0,201.53,203.0
205.0,204.5,205.0
196.96,186.0,188.95
199.8,180.77,199.8
200.87,193.97,199.85
197.96,195.43,195.6
191.28,185.22,191.28
193.5,190.6,191.35
186.98,181.0,186.14
183.43,179.0,182.3
174.99,170.0,170.0
181.0,172.41,178.51
185.0,181.27,183.05
186.94,183.38,184.0
183.16,179.11,183.0
185.1,183.0,184.03
183.99,182.41,183.49
180.99,179.14,180.0
180.49,178.62,180.49
181.99,179.5,181.05
182.3,181.65,182.3
184.82,181.75,182.97
189.24,186.48,189.06
193.49,192.27,192.46
194.0,191.39,192.11
195.1,193.38,194.66
194.98,194.0,194.07
195.63,194.0,195.4
196.38,194.83,196.38
195.66,193.16,194.49
197.0,196.0,197.0
197.94,196.56,196.76
197.8,196.2,197.8
198.49,197.37,198.1
202.09,199.99,200.4
202.0,200.6,201.99
204.21,202.55,204.2
200.59,197.0,197.79
202.98,200.5,202.9
206.0,205.0,205.03
205.0,202.55,202.71
201.55,199.65,201.39
200.27,197.44,200.27
200.15,198.9,200.14
199.95,196.07,198.0
200.55,197.99,198.0
202.49,201.5,202.48
203.49,202.26,202.3
203.29,201.76,203.25
202.73,201.01,202.47
203.37,202.0,202.37
202.95,201.69,202.8
203.26,201.93,203.25
203.37,202.13,203.37
203.2,201.95,203.2
204.87,203.74,204.5
204.5,203.81,204.49
205.0,203.32,204.99
204.65,203.45,204.22
204.94,203.7,204.52
204.88,203.64,204.86
204.87,203.8,204.86
204.81,203.76,204.3
204.45,203.73,203.81
206.85,206.06,206.85
208.97,206.33,207.2
212.97,210.8,212.88
211.0,210.87,210.97
212.97,211.12,212.97
217.89,216.22,217.76
225.68,221.1,224.0
226.7,225.0,225.11
230.77,226.31,230.77
231.0,226.24,228.0
229.5,228.15,229.5
239.8,234.28,239.49
248.97,241.2,246.69
243.0,236.0,240.98
247.68,241.25,247.68
254.96,246.25,246.25
256.43,251.6,256.43
259.97,255.07,259.0
260.5,257.01,259.02
265.0,261.22,263.99
271.0,264.11,268.1
275.5,271.14,275.0
290.01,272.36,289.96
287.99,281.5,284.46
296.77,291.13,293.5
293.68,289.51,292.11
296.8,292.0,296.8
304.99,299.2,304.98
312.09,304.6,312.0
323.44,314.95,319.25
330.0,320.0,327.94
333.0,322.0,329.0
342.0,334.0,340.97
333.92,298.95,318.95
344.36,325.7,340.0
350.19,342.51,350.19
361.97,350.9,356.0
355.87,343.0,354.22
328.88,267.21,314.49
306.0,281.0,302.5
319.25,305.46,312.16
310.0,300.0,304.86
305.0,277.61,305.0
319.25,301.75,318.0
327.5,316.22,316.31
328.99,319.08,321.0
335.11,326.5,330.0
340.9,331.23,340.77
344.97,340.79,342.9
340.0,337.14,339.45
347.12,340.67,343.87
347.99,346.0,347.9
357.0,345.1,355.87
352.0,348.0,351.0
354.45,350.0,350.57
351.0,348.0,349.98
368.3,356.09,359.62
364.99,360.0,364.98
370.98,367.23,370.95
380.0,373.38,380.0
390.18,386.1,390.15
399.89,396.77,397.0
408.5,403.8,407.9
405.49,381.0,395.01
408.63,403.3,404.69
421.97,415.21,419.93
420.0,417.0,418.22
419.23,409.55,416.0
418.0,413.0,414.0
420.0,415.0,415.0
421.7,415.11,421.7
431.36,426.04,430.0
429.94,427.94,429.92
420.95,406.75,408.0
423.27,416.42,417.85
429.44,417.57,420.0
427.48,423.71,426.49
447.47,437.2,438.02
437.5,431.0,434.97
440.77,431.0,437.1
437.95,436.13,437.67
449.99,444.32,449.1
463.0,457.0,459.9
468.8,452.3,466.33
465.8,461.2,461.32
474.89,460.0,474.89
488.99,472.67,486.7
497.44,492.2,494.99
521.0,488.14,517.5
515.0,505.0,509.99
604.42,571.99,589.95
639.97,566.0,626.05
755.0,502.0,660.0
704.51,666.66,683.0
666.66,641.04,654.0
595.0,485.0,550.0
640.0,580.0,602.05
587.0,571.01,583.51
565.12,480.0,560.0
520.0,479.0,520.0
491.89,475.0,475.0
526.0,467.0,510.0
599.93,550.0,590.0
589.99,579.35,581.9
605.0,585.0,602.98
624.0,600.0,623.7
643.0,620.0,636.0
692.89,670.0,692.89
705.0,687.1,691.0
703.99,692.39,700.99
724.98,714.01,717.99
719.85,685.0,686.03
739.48,710.01,733.57
755.0,737.03,745.55
769.96,750.04,760.0
772.0,764.0,772.0
819.89,801.2,813.97
816.99,800.0,813.0
848.0,815.06,839.99
874.81,849.9,868.14
840.0,824.5,837.52
859.95,841.03,849.99
830.21,785.01,787.0
798.69,752.0,787.77
789.84,761.0,780.0
812.45,784.56,812.0
842.0,829.5,841.98
827.88,795.0,809.99
809.9,800.0,803.5
807.44,790.03,802.06
835.0,815.01,824.99
834.0,819.02,821.67
823.98,810.23,812.81
796.0,770.13,771.01
817.9,811.56,811.95
831.91,818.1,830.0
836.25,828.2,831.99
847.98,801.0,847.83
845.0,829.86,838.5
885.0,863.24,879.0
916.3,889.95,902.0
905.98,896.65,905.0
921.5,884.11,901.0
914.0,902.6,913.5
968.0,954.0,968.0
965.9,944.05,963.67
969.98,961.23,968.88
970.0,931.0,960.88
974.0,953.0,973.98
1023.0,998.53,1002.0
1050.18,1001.0,1022.0
1001.9,980.0,1001.9
1012.0,988.22,996.4
1033.99,1015.0,1027.01
1033.99,1013.97,1020.0
1068.8,1055.52,1068.1
1097.45,1084.76,1092.0
1086.11,1075.85,1085.99
1143.45,1121.13,1141.0
1161.0,1105.01,1144.11
1147.6,1132.6,1147.6
1146.49,1126.0,1139.99
1131.75,1102.0,1131.0
1144.84,1131.16,1138.29
1123.11,1107.49,1121.19
1103.99,1050.0,1074.34
1089.99,1053.24,1076.99
1026.94,955.23,993.08
1018.44,985.0,985.0
916.5,795.6,914.0
999.0,941.47,991.02
1025.0,982.54,1020.0
1050.0,1035.21,1039.13
997.0,960.16,980.0
1030.0,981.36,993.0
1030.0,1002.0,1022.35
1049.0,1030.0,1037.52
1037.0,1021.0,1030.7
1034.79,1015.4,1034.52
1086.0,1069.3,1085.93
1060.0,1046.19,1058.1
1060.0,1050.01,1059.97
1069.0,1052.75,1052.83
1065.0,1055.0,1056.0
1075.0,1056.5,1072.51
1100.0,1087.0,1090.0
1109.0,1099.56,1107.41
1148.0,1100.0,1128.99
1138.58,1120.0,1136.04
1134.99,1126.51,1131.99
1132.82,860.0,957.38
1043.25,915.0,1040.0
1017.2,975.2,1007.0
1063.5,1028.0,1038.48
1033.13,980.02,980.02
989.75,966.05,981.88
991.77,980.0,990.0
998.0,982.0,995.74
933.8,858.69,882.01
889.99,809.02,869.9
844.0,805.0,815.0
775.0,730.15,754.89
665.0,571.67,656.0
830.0,732.0,760.0
735.7,656.11,693.3
755.0,718.42,741.92
701.95,680.58,692.1
710.0,676.3,692.92
774.97,739.99,773.0
759.75,710.0,729.1
730.0,702.11,730.0
748.0,731.99,741.99
788.0,766.66,783.46
844.5,800.0,830.97
897.99,860.0,870.0
897.0,879.0,892.0
894.99,872.0,885.02
875.54,852.71,875.54
945.0,895.01,925.5
925.0,895.76,915.49
940.0,929.6,933.0
924.93,909.42,924.89
940.0,923.48,923.48
989.6,964.9,980.0
988.0,977.0,983.8
969.97,937.11,959.89
949.99,939.0,940.0
890.0,804.0,878.0
896.9,859.75,880.51
880.1,837.0,880.0
898.9,874.3,887.31
882.98,850.72,879.99
879.0,858.0,862.31
863.08,853.44,858.58
871.9,840.0,856.8
868.88,859.35,864.64
874.73,858.1,870.54
904.99,881.0,882.01
914.99,891.0,907.71
898.0,866.0,888.79
881.85,850.0,865.0
866.0,854.61,862.0
895.0,871.99,877.9
876.0,867.01,870.01
886.0,851.0,862.31
878.91,855.01,864.8
859.96,851.35,856.3
857.97,841.01,851.0
861.95,850.78,855.71
848.66,820.01,828.0
834.0,820.88,829.0
829.99,819.86,828.0
869.39,842.0,862.11
867.0,855.0,859.28
861.99,853.0,858.89
861.0,850.1,859.91
851.48,836.0,836.0
814.98,775.1,791.63
789.0,766.04,773.96
730.0,661.23,709.9
696.97,672.68,685.0
663.0,626.0,652.75
739.89,714.0,718.01
706.29,675.01,678.0
695.0,684.0,690.02
709.0,663.01,678.9
680.7,640.0,640.0
650.0,625.0,636.98
559.99,473.01,491.08
549.8,470.0,498.0
576.0,545.1,569.0
567.99,532.11,555.03
545.77,514.49,525.0
565.0,538.16,540.12
589.79,555.1,589.79
674.75,637.17,640.0
678.37,652.0,668.0
700.0,666.07,673.42
685.3,630.0,654.97
698.95,671.51,692.0
714.9,695.36,696.08
689.76,673.0,685.77
700.06,680.97,694.64
644.68,605.0,623.42
624.51,588.8,613.03
641.98,620.0,620.0
622.0,594.0,613.5
599.8,578.5,584.99
598.93,575.0,598.92
605.0,589.0,593.99
607.67,589.0,595.97
594.0,576.75,588.09
690.0,620.0,653.0
653.0,640.23,650.89
646.01,625.0,630.0
634.02,623.0,623.2
632.0,607.77,623.56
645.0,631.0,644.27
644.99,631.0,636.08
629.72,618.29,621.81
638.87,632.38,634.63
638.98,631.12,636.78
668.8,654.66,656.71
659.0,652.8,657.8
658.0,645.0,654.81
656.0,637.01,644.0
648.78,629.0,635.0
654.0,650.0,652.5
654.89,648.22,648.93
644.01,641.0,643.72
665.0,650.0,657.35
660.35,651.22,653.0
664.7,658.52,658.88
675.84,661.99,675.27
696.9,677.57,690.0
699.99,687.11,688.5
716.4,702.76,707.02
712.99,700.92,711.09
734.98,723.21,725.19
756.21,726.33,726.33
761.49,747.0,760.0
746.86,730.1,735.0
726.0,705.0,707.0
739.6,725.9,736.1
734.99,716.27,720.16
718.0,709.0,714.0
724.89,715.36,721.08
736.01,713.01,722.16
734.93,718.99,723.99
732.33,723.36,730.71
734.0,728.22,730.33
728.42,705.0,717.0
721.99,712.8,715.0
717.77,708.01,708.01
719.8,710.77,715.03
711.0,703.45,707.05
717.01,711.42,712.03
714.98,709.2,713.95
729.99,724.23,728.0
739.99,730.02,730.02
734.0,726.03,727.0
734.89,726.18,734.89
736.01,726.76,733.96
738.67,733.47,737.97
737.55,733.77,736.51
728.66,718.0,720.0
724.0,716.01,719.6
732.5,723.11,728.86
736.19,731.03,736.0
733.48,726.99,733.47
732.88,726.65,732.0
749.61,740.0,744.99
749.99,741.02,746.89
743.76,735.2,740.0
745.5,741.7,743.35
747.87,743.97,745.2
754.9,745.02,754.9
751.0,746.1,746.1
746.39,742.5,746.3
759.9,751.0,758.5
754.5,748.98,751.62
775.0,762.99,770.0
790.52,777.77,784.19
778.99,767.62,777.0
784.49,777.77,784.0
814.98,799.1,804.99
816.28,808.0,810.01
809.8,790.05,798.99
809.99,805.11,809.4
805.05,790.2,795.2
813.94,795.05,813.5
810.2,804.98,809.32
813.99,806.01,811.62
828.86,820.0,821.68
828.79,825.1,828.79
838.69,826.08,838.69
839.99,834.02,835.6
839.99,837.72,839.99
906.28,862.01,870.0
948.0,905.37,911.2
909.0,895.0,905.0
947.0,920.47,944.0
974.29,950.14,968.18
984.73,956.01,968.02
943.76,876.0,876.0
930.01,911.2,930.0
919.38,904.54,919.24
938.78,925.0,928.11
920.02,902.01,917.0
904.98,885.27,894.06
896.0,873.0,891.1
853.55,824.0,844.61
824.88,785.0,785.0
834.0,818.5,828.0
811.99,787.26,807.0
849.79,833.0,838.99
816.99,780.0,795.0
819.69,800.0,809.51
824.26,810.18,823.45
819.99,817.03,819.7
842.0,825.08,837.81
833.9,800.0,817.0
807.05,791.0,807.0
819.0,782.0,817.0
843.89,824.76,824.76
818.9,812.6,815.0
815.53,807.49,815.53
823.45,817.0,820.0
828.28,819.54,825.05
836.76,829.62,833.0
859.26,844.27,852.61
871.24,858.35,867.05
867.78,852.65,860.81
909.96,878.77,901.0
895.16,884.0,892.99
889.99,875.0,885.9
896.59,879.45,896.59
889.7,881.03,883.0
877.0,865.67,875.0
866.89,840.02,854.78
864.99,841.07,862.1
864.0,855.01,856.7
850.0,841.53,844.05
843.6,834.62,842.25
824.75,816.25,816.6
817.49,810.03,813.23
823.89,801.97,813.89
813.0,804.01,804.04
832.0,817.29,823.0
828.0,819.48,827.11
834.99,824.0,831.47
826.28,818.2,821.0
825.0,816.05,822.6
825.62,817.83,821.0
823.98,804.24,815.99
821.0,812.02,819.5
835.07,825.8,832.51
843.69,833.75,835.32
850.26,830.36,842.0
848.0,840.0,844.4
844.08,835.66,841.14
844.7,838.55,842.0
847.0,841.13,844.72
842.38,829.99,837.13
834.9,825.01,829.36
827.0,820.0,823.29
819.53,810.01,814.4
815.0,808.0,813.6
821.0,810.0,814.0
807.93,793.0,806.0
799.0,781.0,796.99
792.5,765.0,777.59
802.75,781.08,797.2
811.89,800.0,800.3
812.5,804.0,807.97
817.0,811.27,815.22
814.97,799.0,799.3
814.98,801.65,805.13
811.83,804.62,810.0
806.99,795.0,802.73
804.75,796.54,804.73
809.39,806.5,806.57
840.0,817.71,832.0
826.99,823.0,825.24
842.07,828.74,842.07
845.0,840.99,841.1
839.94,834.17,837.45
835.25,833.98,835.0
822.79,815.0,821.97
831.83,825.35,829.5
834.55,825.23,826.02
829.58,820.77,827.0
823.21,818.88,820.0
819.99,814.37,819.98
824.55,820.0,824.48
821.99,817.31,817.34
824.89,820.01,824.89
822.0,816.19,821.9
823.64,820.12,822.0
820.0,805.8,811.73
820.19,807.0,811.59
818.41,810.73,818.4
820.0,817.0,819.2
822.88,812.0,816.54
817.51,815.31,817.0
818.9,815.81,815.93
813.0,805.04,808.0
812.25,805.51,810.89
813.0,808.75,812.0
798.5,783.0,790.3
782.97,767.02,770.13
789.99,776.22,776.45
797.24,786.61,787.72
796.89,789.0,790.0
784.89,777.17,780.0
787.98,783.43,787.5
796.19,788.0,794.65
797.29,787.48,792.0
794.99,788.96,794.67
810.85,805.85,809.1
813.33,801.0,806.8
807.03,803.01,807.03
807.5,803.0,806.95
810.99,800.0,803.27
834.0,819.99,823.0
827.0,818.0,820.0
819.48,812.7,814.75
820.0,814.67,815.1
817.1,815.8,817.0
816.26,810.9,812.22
810.0,803.02,803.02
793.34,772.0,787.3
770.99,742.96,742.96
776.0,761.16,763.85
760.0,740.01,755.21
774.3,760.0,774.2
809.8,780.0,788.0
805.0,795.0,795.0
799.69,792.0,795.55
796.49,783.2,784.1
794.9,784.0,794.88
794.7,790.0,793.97
797.0,793.78,796.0
804.0,790.07,801.5
796.0,791.56,794.47
795.0,789.0,794.0
792.19,783.25,788.62
784.02,780.0,783.99
790.0,782.71,788.95
808.33,796.7,803.11
801.0,798.5,800.0
804.0,798.99,800.5
798.38,791.0,797.89
808.99,796.01,803.11
802.0,795.0,802.0
806.0,799.0,801.46
804.47,801.96,804.03
803.88,802.59,803.88
805.31,804.0,805.31
811.32,807.6,809.0
827.38,821.0,824.74
817.0,812.51,816.0
821.23,809.93,816.0
817.0,815.0,815.21
820.0,817.46,820.0
821.98,816.0,818.34
820.67,816.0,819.11
817.97,810.23,814.99
814.97,810.5,811.96
812.04,805.0,805.0
814.0,808.1,808.2
807.71,803.53,804.1
813.91,808.86,810.0
808.0,805.03,806.99
808.02,802.15,802.65
808.5,805.2,806.66
806.76,796.83,805.01
804.38,802.01,803.75
810.0,805.0,809.48
803.17,798.0,802.75
806.98,800.98,803.01
805.05,801.02,803.81
804.51,802.01,803.98
805.93,801.01,805.93
804.98,799.97,803.93
800.0,797.85,798.89
792.61,786.96,789.44
786.62,779.07,786.62
793.98,780.0,786.24
788.0,781.01,781.01
781.68,776.16,780.0
774.73,760.5,760.6
763.49,728.88,730.0
740.0,666.67,699.0
697.99,671.0,688.88
735.0,720.0,726.15
749.99,733.08,739.43
725.35,719.39,721.0
707.88,690.0,697.03
722.37,714.0,719.0
723.0,706.31,713.47
705.61,700.09,702.0
712.0,705.91,708.41
696.88,662.01,676.0
675.0,666.21,671.0
687.83,678.4,678.4
692.0,686.29,691.39
724.61,707.01,707.5
713.0,702.0,704.0
702.0,688.06,690.65
704.99,693.41,699.0
700.0,690.03,693.15
696.99,581.01,590.0
677.0,633.41,674.77
671.51,654.4,659.0
679.0,669.0,671.65
709.98,700.0,705.0
706.98,693.1,705.99
701.3,690.01,700.0
700.0,690.12,699.4
681.0,640.01,668.12
659.98,635.0,657.79
672.99,658.0,665.0
675.0,658.0,667.98
658.99,648.37,654.85
657.71,649.0,656.09
672.0,666.0,666.57
667.0,660.0,662.61
659.9,653.25,655.77
659.98,649.32,652.16
651.98,644.1,650.0
648.0,644.0,648.0
641.79,631.0,634.04
625.0,607.17,620.0
598.31,565.3,565.3
605.88,586.06,586.5
648.95,615.0,628.0
639.44,627.5,637.0
685.0,672.0,681.65
679.8,660.12,669.65
659.9,651.57,654.99
660.0,640.1,659.64
660.99,653.32,654.71
659.5,649.29,649.94
655.32,649.0,652.08
673.01,649.12,655.22
670.0,660.15,666.39
658.25,645.5,651.68
654.99,651.11,653.67
640.0,621.23,629.77
624.0,612.66,616.77
611.0,591.1,610.0
629.82,618.26,620.0
619.46,610.02,616.5
656.4,618.62,644.86
650.98,642.01,645.5
644.11,631.11,633.13
634.0,626.08,632.25
643.99,636.12,642.26
641.35,637.0,638.99
639.31,630.0,635.94
628.0,624.0,625.93
629.99,623.22,623.71
626.5,623.07,625.1
629.08,626.0,629.03
629.44,625.07,625.07
624.25,620.0,624.25
627.62,623.05,627.44
630.46,623.68,630.46
630.0,617.0,626.5
631.0,626.47,628.91
626.95,613.0,615.08
610.0,590.0,597.02
601.69,595.0,601.66
583.0,572.06,575.17
575.0,563.31,570.07
567.13,545.9,549.31
573.13,555.0,571.16
579.72,570.07,577.12
585.43,560.1,563.71
567.85,560.02,560.02
579.46,566.0,574.15
583.6,573.99,575.07
571.33,562.15,565.0
577.18,569.1,569.51
578.15,571.19,577.95
609.24,590.01,593.85
609.99,601.27,606.95
618.0,606.69,616.7
624.1,599.78,612.27
646.0,626.37,632.0
627.65,621.38,626.99
628.0,618.87,626.27
616.95,608.98,611.99
606.45,570.0,570.0
567.0,551.0,557.41
578.15,572.6,577.88
578.32,565.09,578.32
559.75,532.05,554.0
552.06,532.04,540.0
527.13,481.0,521.04
486.0,400.0,434.13
521.0,488.78,503.0
505.0,486.77,505.0
521.96,502.0,517.51
545.8,517.0,536.92
569.0,553.85,555.0
609.13,565.25,603.0
600.0,562.51,587.9
576.33,558.0,561.0
590.0,580.21,588.0
593.58,568.0,591.91
599.0,585.38,585.8
585.82,580.0,582.99
584.82,573.55,575.01
589.0,584.12,587.39
586.7,582.41,582.41
586.88,583.0,585.0
589.64,582.31,589.63
582.1,575.0,579.03
579.54,563.11,568.0
564.91,554.51,561.09
578.0,569.05,576.82
565.9,551.0,562.65
555.4,535.5,555.4
563.42,555.1,558.0
567.41,559.9,562.5
564.44,556.41,564.42
575.0,561.5,570.0
576.0,571.53,574.99
570.49,566.81,569.99
564.62,559.07,562.4
569.29,567.49,567.99
566.67,558.81,564.75
562.95,558.1,560.0
564.75,558.51,561.25
572.31,565.26,567.12
577.8,569.7,571.0
599.0,589.01,599.0
593.78,590.0,593.2
710.0,620.1,710.0
673.62,656.22,669.0
694.99,676.51,679.94
678.98,665.0,670.0
690.0,675.5,685.94
699.89,687.47,697.78
683.16,663.31,675.61
674.99,663.18,670.0
679.0,665.0,665.02
670.21,665.07,665.1
658.51,651.9,657.0
668.88,663.78,667.8
667.79,660.0,666.0
669.66,663.78,669.66
673.42,669.69,669.73
674.0,667.2,669.75
668.89,664.95,667.0
672.0,666.71,667.0
665.99,659.21,659.21
662.14,656.66,659.02
670.0,665.0,668.0
662.32,656.34,662.26
653.69,642.06,649.65
644.9,640.0,643.4
632.6,613.45,617.9
629.99,626.0,628.68
639.79,627.44,635.0
622.3,617.21,617.27
630.0,623.0,630.0
622.92,615.0,621.26
610.0,604.5,608.74
620.0,615.01,619.5
618.35,615.73,617.89
618.86,613.41,618.85
624.83,619.52,623.49
652.62,635.0,642.0
641.79,632.07,634.05
644.0,641.35,642.01
646.59,638.08,644.22
644.91,640.24,641.29
642.27,629.2,632.89
629.0,617.26,625.5
629.89,620.0,623.0
619.0,613.5,616.32
632.2,626.02,626.49
629.25,624.0,625.63
631.78,626.5,631.7
629.3,615.0,622.93
622.99,617.83,622.95
644.44,624.2,635.02
655.0,634.68,643.77
648.0,640.0,640.0
641.17,628.8,635.0
636.9,629.17,632.25
644.99,640.0,643.99
638.9,630.61,635.62
638.5,636.0,638.48
639.5,637.0,638.95
648.49,641.05,643.6
649.98,645.69,645.69
646.7,640.0,644.68
646.98,640.17,645.97
644.99,638.52,644.01
640.0,636.36,636.4
637.95,632.83,636.61
635.29,630.03,633.99
638.99,633.0,634.65
633.45,625.52,630.0
632.65,626.62,627.34
633.46,631.0,632.98
632.77,625.51,631.47
633.0,629.2,632.93
636.55,631.79,634.0
639.44,634.86,638.89
636.75,634.66,636.56
636.03,634.0,634.01
635.73,629.02,632.11
632.6,629.89,630.8
634.98,631.92,634.01
634.4,633.0,634.0
634.9,633.0,634.59
633.59,630.01,633.58
625.85,620.0,624.16
626.0,619.46,623.33
626.82,623.0,626.75
627.0,622.03,624.99
623.98,620.0,620.0
618.5,610.65,613.69
618.69,613.09,618.49
612.28,596.28,610.45
614.0,607.96,612.77
617.7,615.0,616.0
623.95,606.0,614.96
620.48,615.67,617.1
617.97,613.69,617.73
613.89,610.64,612.0
611.85,607.0,608.26
612.69,607.58,608.38
608.0,603.91,607.1
603.46,597.29,602.0
606.43,600.02,602.5
596.16,588.98,591.95
594.67,588.4,589.5
594.38,587.68,591.0
588.97,582.12,584.54
582.49,578.66,581.63
607.88,595.63,600.54
579.1,567.33,577.0
583.82,575.0,579.4
582.39,573.23,580.0
571.98,563.01,571.0
571.3,566.19,570.0
566.83,550.0,554.5
559.9,551.5,559.4
563.0,555.02,559.53
567.78,562.01,565.26
566.4,562.4,565.81
568.7,558.24,558.24
567.67,561.98,562.0
567.97,557.22,564.27
567.81,563.01,567.12
565.55,560.81,562.63
560.29,547.52,552.6
557.49,551.08,553.15
557.95,552.02,557.81
566.99,558.39,566.44
574.8,559.7,570.0
592.6,576.12,576.77
581.84,568.86,573.0
580.99,575.0,580.0
576.87,569.01,573.0
583.27,573.54,575.5
577.99,571.88,577.9
584.24,578.98,582.0
580.84,574.0,580.84
575.94,567.98,570.56
589.99,569.01,583.49
592.0,583.47,588.47
587.49,585.5,586.49
584.69,581.27,584.5
579.79,573.41,573.41
565.49,560.07,565.0
562.4,550.22,555.0
549.99,521.3,531.55
528.9,520.0,523.37
519.0,510.17,519.0
517.16,477.13,506.57
523.63,506.8,510.38
510.0,495.0,502.3
517.93,501.0,511.59
504.65,500.15,504.6
518.46,486.92,498.51
506.09,497.74,504.7
504.0,499.31,499.31
502.95,497.12,502.95
502.0,497.12,498.53
501.9,499.15,500.0
497.1,491.14,493.0
492.0,481.01,486.19
488.3,481.4,486.0
488.0,476.34,488.0
474.28,455.41,459.73
456.9,436.0,449.0
454.91,444.77,449.65
468.62,460.0,467.6
471.54,439.21,445.22
454.12,444.1,447.6
465.91,445.28,463.0
466.9,457.02,461.52
456.9,446.02,453.65
459.0,452.42,458.98
467.43,455.25,458.95
509.98,481.01,488.08
488.99,473.53,473.53
490.0,476.99,486.23
480.0,475.0,480.0
481.0,477.55,479.97
482.25,475.11,475.11
485.0,475.0,482.38
494.76,475.0,480.0
457.36,440.0,440.0
444.0,430.0,434.52
439.0,425.53,430.19
436.55,424.0,428.37
422.5,416.98,420.0
442.1,428.96,431.19
465.0,440.61,448.82
456.95,446.64,450.81
451.03,438.61,442.5
440.72,431.54,438.52
450.09,442.5,442.5
458.88,452.61,454.0
446.0,442.02,445.5
449.99,444.89,449.99
451.99,445.05,445.05
455.6,451.0,453.0
453.39,444.16,450.0
450.0,447.0,450.0
454.5,449.0,454.3
456.0,452.61,453.77
465.0,460.51,460.51
464.94,460.4,464.91
462.22,456.0,462.22
453.99,450.2,453.88
456.5,452.52,456.5
459.98,450.22,456.0
464.19,457.63,458.0
459.96,453.06,453.74
460.54,457.0,460.2
461.17,458.01,459.99
452.23,446.0,448.0
455.09,450.93,451.32
451.99,446.24,448.66
456.45,451.31,454.88
458.5,450.02,451.9
454.14,448.1,452.09
456.0,450.86,454.85
457.9,449.99,450.0
453.78,448.86,453.1
457.15,452.39,454.66
453.26,451.01,453.23
452.25,440.0,447.4
444.32,441.25,443.33
445.46,440.0,444.26
442.46,440.01,440.01
431.35,410.77,415.0
416.89,406.05,412.99
414.0,406.0,411.0
404.5,391.25,401.95
399.0,387.0,389.09
364.94,347.57,357.99
409.0,374.82,402.01
399.0,390.0,390.33
432.22,415.33,426.14
429.0,417.84,426.9
422.1,416.0,422.1
432.13,422.0,430.98
439.5,434.62,435.0
426.8,422.2,425.33
426.76,419.44,420.5
426.08,420.61,426.0
427.8,422.06,426.5
426.88,423.15,426.88
427.75,423.04,425.61
425.0,422.2,424.99
418.03,411.96,413.31
408.79,397.16,401.65
413.5,408.17,410.8
418.2,408.1,411.09
439.5,409.2,431.3
449.74,438.0,443.3
467.19,455.11,460.0
473.99,459.6,465.97
462.9,458.39,461.56
462.47,455.35,461.1
457.96,453.43,454.96
509.0,486.0,503.9
503.99,486.0,490.91
505.15,497.0,499.99
501.0,495.01,497.98
525.0,510.0,516.6
519.88,512.6,517.86
548.0,510.0,527.0
520.49,504.76,505.0
515.8,504.21,508.02
516.88,510.02,515.0
533.8,525.96,529.0
526.22,520.89,522.04
511.99,495.1,497.21
501.0,492.85,498.49
505.98,490.13,490.13
503.01,497.59,498.07
501.03,493.68,493.68
498.63,493.48,497.97
499.99,490.02,490.75
483.37,470.0,474.9
485.0,480.1,480.19
487.0,483.12,484.0
483.99,472.81,476.49
477.0,473.39,475.39
502.5,492.61,497.04
503.23,496.7,500.0
500.0,496.15,497.4
505.6,490.59,496.6
505.67,503.79,503.85
511.41,507.47,507.5
513.08,505.8,506.5
507.13,503.78,504.96
500.11,493.76,498.58
501.81,495.77,495.77
502.75,500.0,500.05
511.77,507.6,510.62
510.0,505.57,506.8
502.6,495.0,499.0
502.14,494.0,498.01
497.62,492.99,496.47
501.24,496.32,501.0
504.38,499.0,500.63
499.74,494.0,494.9
494.98,492.21,494.98
497.46,492.02,494.66
494.0,491.5,492.4
495.1,488.52,493.03
495.2,492.5,492.5
493.27,489.0,492.0
489.8,487.0,489.2
488.0,485.07,485.1
493.5,487.82,493.5
491.99,489.5,490.16
490.0,488.01,489.45
485.55,480.59,484.89
488.5,485.0,486.48
490.8,487.0,490.0
497.47,492.55,495.0
503.99,496.1,498.07
477.98,461.2,468.98
463.67,455.8,463.67
455.41,444.49,451.99
461.8,454.0,458.92
468.99,460.5,463.6
469.4,458.0,458.0
458.1,452.56,457.79
455.0,451.13,452.99
454.09,452.0,453.5
466.63,462.0,462.01
467.98,459.89,463.16
461.0,459.0,460.69
461.97,455.41,459.78
458.49,455.3,457.01
458.34,455.16,455.21
456.96,446.0,449.66
447.9,442.67,443.88
435.75,425.12,434.7
432.8,425.0,425.69
432.99,425.96,432.5
436.98,429.0,429.58
447.5,444.02,444.73
451.0,446.45,447.54
444.8,440.04,444.21
438.94,432.9,433.0
448.5,435.56,440.69
454.0,446.39,449.0
451.96,448.05,451.39
443.22,436.0,440.25
449.35,442.52,442.98
449.7,444.52,448.98
444.87,433.08,439.5
445.7,441.16,444.0
449.0,443.79,446.07
450.98,444.63,447.56
453.99,444.79,448.85
459.97,456.05,459.97
460.0,453.1,458.1
454.79,452.1,452.8
459.56,450.3,454.45
463.65,459.19,459.19
461.0,457.67,460.97
461.62,457.15,457.65
453.0,444.64,448.98
451.79,446.86,446.86
448.99,445.19,448.99
454.88,447.66,452.17
455.78,448.93,454.5
449.77,447.01,447.01
448.0,442.07,443.76
445.49,441.31,442.85
441.75,438.9,440.0
434.89,431.0,434.5
440.69,436.32,439.0
441.9,439.68,439.69
434.53,430.43,433.68
435.98,430.57,433.16
437.5,433.0,437.49
438.45,437.0,438.4
442.83,432.0,438.04
439.2,432.06,436.18
433.89,427.11,428.11
437.95,431.0,435.16
437.97,427.02,434.25
432.4,427.22,427.22
433.0,431.27,433.0
426.85,421.01,423.1
433.7,425.55,428.94
432.01,427.0,430.7
431.99,428.58,431.36
431.77,426.01,428.4
431.0,428.0,428.01
433.27,428.0,432.28
429.89,425.67,429.82
445.22,438.43,439.6
444.89,440.51,444.0
449.48,444.89,448.97
444.67,440.0,440.0
449.35,440.8,446.7
449.24,444.17,445.5
446.95,444.5,445.01
449.96,443.69,443.74
443.61,439.52,442.87
442.99,437.61,437.69
446.99,442.37,443.44
443.98,440.8,443.87
446.99,444.67,446.0
457.08,451.5,452.02
452.72,448.39,449.92
453.0,450.1,452.37
454.0,450.5,453.96
454.39,452.18,454.0
454.0,451.73,451.73
453.19,450.74,451.01
453.7,451.85,453.7
459.24,454.92,455.39
456.27,452.15,454.0
454.82,446.0,446.61
447.5,444.5,447.0
444.89,436.33,439.48
439.15,436.12,438.45
440.68,437.26,440.0
438.5,434.34,436.9
439.9,434.3,436.04
440.09,437.52,439.0
443.0,441.27,442.98
443.0,439.8,441.51
442.75,440.29,442.5
441.69,437.7,439.39
440.98,438.31,438.31
440.93,430.61,433.0
440.18,435.4,438.19
439.23,434.74,439.2
439.14,438.25,439.12
442.0,440.17,440.22
442.73,440.43,440.48
445.9,442.89,443.87
447.02,442.77,444.36
447.97,445.3,445.32
447.75,444.0,446.0
450.0,447.54,449.88
448.97,446.03,448.3
452.51,450.0,451.47
451.98,449.0,449.35
448.47,446.2,448.39
448.5,445.89,446.0
446.5,445.0,446.5
447.8,445.56,445.83
450.0,447.06,449.8
451.5,448.64,449.5
451.9,449.0,451.64
450.01,447.0,447.31
449.22,447.34,447.89
447.96,445.7,447.96
450.0,447.78,449.73
451.4,447.8,451.0
450.89,448.36,450.89
451.3,448.66,449.06
451.41,448.0,450.5
447.87,447.52,447.85
448.94,447.52,448.59
451.43,445.1,447.17
446.54,444.52,445.99
446.91,445.43,446.91
448.2,446.68,447.9
447.89,445.33,446.43
445.0,443.6,444.94
448.0,444.29,448.0
449.39,446.76,447.78
448.47,447.14,448.34
464.91,451.56,462.11
463.0,455.45,461.05
459.59,455.2,459.21
482.99,469.69,480.72
496.42,487.93,489.91
491.35,486.9,489.0
496.21,490.92,495.41
498.97,491.26,496.12
497.25,494.22,495.55
494.0,491.68,493.18
496.25,495.0,496.23
494.0,492.74,493.98
496.08,493.57,495.7
521.81,507.65,521.81
513.98,502.0,510.66
520.0,514.09,517.0
523.0,519.4,520.8
530.0,524.0,529.99
532.45,521.26,525.06
532.29,525.09,530.05
538.33,533.01,538.33
537.0,530.33,531.1
533.88,529.0,531.15
529.0,518.55,523.77
518.65,515.4,515.86
527.31,521.45,523.62
520.0,516.07,518.95
521.88,519.25,521.36
525.33,522.02,525.22
528.5,524.5,528.44
539.03,533.0,537.55
578.38,560.52,573.6
573.28,562.0,573.2
578.0,562.18,567.43
575.0,568.82,573.79
574.96,569.44,573.9
586.38,570.0,581.23
592.0,585.02,591.2
585.85,577.18,581.84
586.99,580.85,585.1
586.99,581.22,582.54
584.88,581.0,581.88
586.5,582.9,586.45
588.0,564.65,570.16
566.55,558.97,563.94
569.88,563.45,568.08
582.4,577.55,579.81
575.03,571.04,572.7
581.0,575.21,578.04
579.8,574.11,579.01
575.34,569.0,575.25
578.27,573.5,578.0
574.0,568.34,572.56
581.38,575.45,580.66
574.0,565.0,570.43
574.58,566.32,566.49
566.36,560.05,566.36
573.0,566.99,567.77
569.0,566.81,567.5
573.0,568.91,572.37
576.11,574.01,574.6
573.83,568.57,568.57
597.77,583.95,590.14
612.5,602.26,606.5
614.0,608.15,613.0
623.11,617.0,621.0
616.62,611.0,614.61
626.99,620.1,623.7
624.0,619.74,623.14
627.99,618.88,621.72
626.0,620.11,621.17
627.56,624.78,627.56
639.93,629.52,638.87
648.5,646.3,648.0
648.9,644.75,645.59
659.91,647.21,656.0
683.26,618.53,625.0
645.52,640.74,644.7
645.98,633.49,638.22
627.85,613.03,623.0
639.98,629.82,631.59
637.99,630.16,633.11
634.85,630.0,633.0
678.0,665.02,673.69
663.62,659.16,662.97
668.89,659.51,665.05
661.98,649.61,656.18
664.99,661.0,663.2
675.34,669.05,674.97
672.42,667.89,670.0
640.18,621.86,628.07
643.82,633.02,640.01
639.72,635.6,639.59
654.9,645.06,648.88
645.78,641.74,642.0
649.18,643.66,649.1
647.66,639.69,644.9
648.4,642.03,642.03
647.4,644.0,647.21
669.63,661.1,663.28
661.39,652.56,660.0
664.97,661.02,661.63
660.0,657.13,659.69
656.3,652.67,656.3
659.66,652.14,657.31
662.0,657.14,659.01
660.24,647.89,650.16
654.66,647.21,651.65
649.36,638.01,648.2
653.35,648.87,648.99
651.9,649.22,651.02
655.63,651.64,654.4
654.97,652.01,654.97
657.0,654.28,657.0
660.31,654.27,656.0
656.89,652.65,656.89
658.39,654.19,655.23
658.4,654.46,656.78
654.0,651.7,654.0
658.37,654.25,654.36
657.42,653.14,654.0
647.61,643.23,647.47
647.88,645.2,647.79
652.99,650.0,651.0
651.88,648.0,649.8
646.87,642.08,646.61
648.88,642.45,644.0
654.7,644.71,654.7
653.48,646.19,652.64
654.0,648.2,651.33
651.39,646.86,650.5
649.49,645.6,646.5
652.39,648.5,651.01
644.5,637.6,643.8
643.45,638.51,638.51
645.0,639.0,641.5
640.79,634.01,635.15
626.71,618.0,622.05
630.36,616.58,628.4
629.76,625.54,627.63
629.78,625.19,626.05
627.99,622.75,624.12
619.0,614.11,614.49
596.01,550.61,581.0
577.08,563.0,577.0
594.63,590.0,592.5
610.99,602.01,602.85
604.67,597.0,597.0
585.0,579.3,580.0
588.89,583.35,587.33
589.95,586.02,589.0
583.23,579.0,580.27
575.0,568.88,575.0
571.94,562.36,562.99
562.14,552.0,560.6
566.07,558.46,565.98
568.57,563.01,565.73
569.53,563.0,563.0
563.14,553.0,553.0
561.0,553.3,560.0
575.0,555.39,567.0
587.48,571.01,583.32
594.3,588.0,589.06
609.96,601.0,605.0
605.59,600.16,605.59
596.0,588.11,591.23
600.01,588.14,600.01
596.0,591.03,593.6
594.95,587.0,594.57
595.0,589.23,590.0
602.0,595.97,599.51
599.89,592.8,597.5
598.7,594.23,597.99
607.49,602.8,607.49
609.0,605.18,608.86
616.0,608.11,610.0
610.0,606.9,607.0
609.97,605.06,608.4
608.0,601.09,605.93
607.99,604.01,607.87
605.79,602.07,605.0
607.5,604.02,606.97
609.98,605.42,608.98
609.74,605.0,607.88
607.41,604.0,607.15
597.95,593.84,593.85
595.17,589.87,594.0
597.87,590.0,590.0
589.08,585.5,589.07
596.75,592.91,596.01
595.13,588.1,593.46
594.97,592.0,592.88
586.0,585.0,586.0
586.03,583.93,586.03
593.5,587.42,591.52
592.29,589.11,591.24
591.98,590.65,591.98
594.99,590.08,594.51
600.0,597.6,600.0
604.66,597.71,603.62
603.99,599.0,601.41
600.84,597.65,598.68
598.24,595.4,595.99
599.99,598.22,599.84
600.91,596.1,596.1
595.79,591.23,594.05
586.99,580.46,584.43
588.99,584.39,588.73
591.92,587.08,590.18
588.66,585.14,588.5
587.28,583.24,583.36
584.99,582.13,584.99
588.02,584.5,586.05
587.72,584.15,586.99
586.85,583.1,584.0
583.0,572.1,579.99
575.57,571.0,574.71
576.48,571.0,571.44
569.35,563.9,566.0
570.0,558.4,569.99
569.96,564.34,568.27
564.99,554.45,560.9
572.36,561.98,572.36
571.15,562.0,562.97
569.0,565.06,568.0
573.89,564.23,572.0
570.99,566.25,570.59
575.88,573.52,575.78
584.62,577.01,583.16
584.92,575.86,580.0
584.4,577.56,580.99
590.0,586.08,590.0
589.99,585.15,589.94
598.1,582.27,598.07
599.97,597.82,598.2
598.0,595.56,596.0
598.0,594.0,597.14
596.21,592.0,595.0
598.38,595.09,595.09
599.1,593.94,597.63
599.87,597.63,599.87
599.0,595.16,598.96
597.73,592.4,592.4
595.39,591.37,594.98
596.99,592.98,595.61
600.0,595.02,600.0
600.0,598.13,598.15
632.74,612.0,631.68
627.98,621.61,626.83
623.3,617.6,621.0
624.0,620.0,623.0
643.99,637.82,638.3
645.83,640.0,642.79
645.99,638.11,640.66
649.99,645.21,648.0
655.6,650.01,655.08
656.44,652.55,655.82
650.0,643.0,647.86
643.77,638.0,640.59
645.0,638.07,643.0
647.46,643.0,646.0
650.09,643.09,650.09
657.0,653.5,656.8
650.0,645.1,650.0
647.34,643.0,643.0
647.22,644.22,645.47
649.5,647.77,649.25
652.79,648.0,648.0
652.02,642.7,645.99
644.88,640.0,642.43
650.0,643.84,647.38
649.97,644.47,645.05
644.4,638.76,640.0
638.47,625.02,629.99
635.32,630.08,634.0
639.31,625.75,627.0
632.0,629.0,632.0
631.68,628.77,630.95
631.48,626.88,630.0
631.77,630.03,631.61
632.96,630.0,631.01
629.0,623.95,624.5
639.0,627.0,635.0
634.0,626.01,634.0
632.74,628.44,629.95
632.88,630.0,630.06
634.5,632.13,634.49
635.0,627.4,633.48
633.78,629.01,629.01
636.0,632.91,635.99
633.86,624.86,624.86
627.14,619.09,620.0
622.0,614.85,621.58
624.49,619.0,621.5
624.4,620.02,620.5
626.22,622.14,622.69
622.0,617.91,619.8
621.85,617.93,620.52
623.77,620.51,623.0
626.0,623.0,623.22
626.88,623.51,623.99
623.96,619.17,623.0
623.5,619.1,621.56
624.87,620.0,622.62
624.9,623.1,624.8
624.52,623.0,624.0
623.76,619.83,621.02
622.23,620.0,622.16
615.29,610.95,614.0
611.73,607.9,611.01
620.99,615.4,620.09
619.97,615.1,617.99
617.0,614.13,617.0
620.0,616.02,619.98
629.99,626.03,628.9
630.31,627.52,630.3
635.0,631.36,633.0
635.2,633.01,635.18
637.44,633.0,633.0
634.6,629.65,634.6
631.95,629.63,631.95
631.89,629.0,631.88
636.92,632.0,636.35
637.4,634.02,636.3
631.5,629.2,631.33
632.0,630.01,630.79
637.0,634.5,635.86
632.56,626.22,631.72
630.0,626.09,629.75
631.0,626.25,626.77
624.97,622.1,624.94
625.76,622.05,624.02
622.84,620.0,620.2
623.05,620.15,623.05
624.0,620.31,620.36
621.95,617.0,621.95
623.85,619.81,623.58
623.99,621.03,623.99
623.99,619.89,623.99
624.49,620.02,623.17
626.25,619.01,624.79
624.53,620.21,624.05
624.13,619.84,622.74
624.35,618.52,619.04
618.39,611.13,615.0
618.99,615.03,618.25
619.53,610.01,614.89
617.53,613.77,616.76
617.55,614.73,617.53
614.89,610.0,612.45
618.89,614.82,618.74
629.0,624.39,627.83
625.45,622.26,624.57
625.0,622.3,625.0
627.0,622.32,625.5
626.0,622.2,623.03
624.54,620.84,623.8
629.0,622.01,626.38
632.23,625.8,632.23
632.41,625.2,627.68
629.5,627.16,629.5
629.0,625.06,628.98
632.07,626.55,629.0
630.99,627.35,630.99
631.5,629.16,631.0
628.22,623.02,625.64
629.07,625.12,628.76
625.53,623.01,625.53
625.11,621.01,622.94
624.86,621.28,624.49
625.56,622.15,623.37
625.75,620.22,623.18
622.58,620.08,621.78
621.99,616.16,618.61
620.91,617.39,619.0
621.95,616.04,619.45
622.25,620.0,621.96
622.72,618.91,621.79
624.31,622.3,622.5
623.72,620.47,623.61
623.59,620.02,623.58
624.99,622.01,624.47
622.78,619.3,621.95
621.0,618.0,618.7
621.5,619.22,619.44
621.92,619.53,621.1
621.98,621.1,621.97
622.95,621.01,622.91
622.03,619.01,621.35
621.9,619.0,621.46
621.49,619.01,619.39
619.0,614.0,614.0
608.0,591.12,599.49
604.9,599.6,604.47
605.41,601.01,602.23
605.0,599.4,603.05
609.65,603.29,604.19
601.43,598.22,599.89
602.0,599.08,602.0
603.0,600.44,602.99
600.99,596.42,599.87
603.0,597.0,601.11
593.25,590.24,592.49
594.66,591.2,592.03
598.0,594.1,597.92
595.16,591.0,593.76
597.0,595.11,597.0
602.83,596.29,597.0
598.82,594.8,597.55
598.88,594.0,595.0
595.0,592.23,594.96
592.11,590.04,591.9
595.7,591.5,593.17
595.0,591.74,591.74
584.88,576.12,578.4
584.56,577.3,584.56
579.88,570.5,573.42
590.0,582.01,586.5
593.45,587.03,589.0
590.0,581.18,581.2
591.39,587.44,587.45
587.78,584.05,584.05
584.1,579.34,582.5
582.44,579.11,581.5
584.88,579.1,584.87
586.0,581.32,585.56
585.58,581.93,584.97
582.76,577.33,577.94
575.36,572.2,574.53
575.77,571.4,571.5
571.34,560.13,563.79
563.87,556.14,560.44
574.99,567.21,571.17
573.38,568.5,568.51
581.36,570.4,579.5
589.13,585.5,586.01
587.34,582.03,583.08
586.59,582.03,586.57
587.41,583.0,585.9
589.46,585.56,589.46
597.4,592.53,593.98
607.2,600.0,602.99
600.82,595.0,599.05
599.09,594.62,597.69
597.0,593.22,596.82
595.87,591.06,594.95
593.95,589.13,590.0
591.91,585.07,591.0
593.9,590.58,591.66
589.6,587.64,589.6
583.39,581.2,583.35
584.33,578.56,584.33
583.8,579.95,583.8
591.0,586.38,589.0
588.68,584.4,586.21
589.7,584.11,587.55
588.12,585.01,586.24
587.89,584.77,587.79
586.9,584.1,586.0
592.24,590.9,590.99
587.99,585.18,587.64
588.99,587.99,588.99
587.5,582.99,587.5
584.79,582.52,584.33
583.75,579.8,581.21
582.37,580.0,581.0
581.48,578.25,580.23
584.2,580.24,584.2
582.98,580.62,582.72
581.98,577.73,579.65
579.39,576.44,577.99
586.36,580.78,586.16
582.2,578.03,581.83
582.99,581.16,582.99
582.99,581.6,582.99
582.98,579.98,582.49
582.98,580.3,582.63
587.5,585.55,586.5
591.9,588.61,591.41
586.89,584.07,586.57
592.99,589.92,591.77
592.91,588.37,590.5
588.37,586.05,588.3
591.98,590.0,591.98
591.79,588.62,591.77
588.99,586.6,586.62
590.05,586.0,587.75
587.8,586.0,587.79
587.33,585.25,585.27
589.59,586.4,588.71
590.25,586.65,590.24
590.0,588.16,589.77
589.98,587.1,587.1
590.49,586.1,590.49
596.09,593.02,593.02
592.0,586.0,587.89
588.57,586.0,586.05
590.99,588.07,590.47
590.74,588.74,589.99
588.0,587.2,587.97
588.7,587.5,587.51
588.88,582.0,582.0
578.97,574.09,575.99
574.59,570.0,571.0
571.07,565.72,567.97
570.99,561.9,566.0
568.46,563.46,567.81
569.88,567.11,569.71
571.0,570.0,570.32
572.0,567.9,571.7
569.17,558.13,558.13
562.04,556.13,557.98
550.0,524.7,533.68
548.95,533.82,544.49
547.94,542.0,543.1
551.86,539.0,539.0
538.0,534.78,537.97
521.32,506.66,512.0
515.84,511.5,512.81
522.35,504.97,522.3
516.0,511.2,512.99
514.96,507.98,512.08
520.0,512.39,513.25
520.45,513.43,513.98
511.89,503.9,509.33
506.73,481.55,487.62
497.98,493.06,497.15
502.5,494.58,498.09
495.72,490.53,494.89
492.87,485.02,487.71
513.0,498.96,508.99
515.0,504.01,510.0
518.9,512.0,518.72
524.8,519.0,519.0
522.44,517.0,517.0
514.99,508.01,511.54
498.08,490.0,496.35
499.8,492.5,496.71
493.08,485.39,486.03
510.0,497.16,507.0
500.0,489.03,490.01
491.02,481.1,482.39
477.26,442.0,458.89
477.69,461.77,468.88
463.44,453.99,453.99
475.54,453.01,464.05
472.73,464.25,472.62
493.0,475.76,489.0
481.89,472.78,477.14
484.72,478.0,481.87
493.97,480.31,484.28
493.17,486.47,488.06
483.11,471.6,472.0
478.94,473.46,478.89
491.3,482.03,490.0
508.66,500.0,504.0
524.91,511.02,513.93
521.63,514.82,521.62
526.6,516.74,525.36
522.99,513.0,515.96
526.63,516.97,525.89
523.12,515.07,518.5
527.0,512.01,525.33
524.94,517.25,520.85
512.32,503.07,505.6
512.75,505.17,511.44
518.0,509.65,513.6
528.0,518.0,522.65
522.99,511.03,516.0
514.69,511.0,511.0
509.37,507.52,509.31
509.99,499.07,502.2
508.52,503.88,507.28
507.69,505.02,505.66
496.97,487.25,491.37
500.74,495.51,496.89
504.47,501.1,502.1
502.03,495.02,498.84
503.83,499.53,501.8
509.5,500.17,509.49
511.43,508.42,509.87
508.46,502.5,504.68
504.11,501.71,502.97
500.47,496.79,500.02
504.33,500.01,502.66
504.0,501.78,503.91
506.98,504.46,505.16
504.34,502.27,503.99
506.37,504.09,506.31
507.89,503.93,505.39
511.94,509.88,510.53
515.6,511.78,514.01
512.79,509.23,509.94
514.42,512.49,514.41
517.0,513.15,516.95
523.09,517.29,522.47
519.78,512.67,513.98
514.38,511.81,513.29
519.76,515.07,517.96
514.49,510.22,513.62
514.98,513.13,514.27
512.98,510.5,512.96
509.85,507.0,507.76
508.94,507.0,508.08
509.94,507.4,507.4
507.81,505.9,505.9
507.9,506.52,506.89
507.0,501.25,506.31
507.9,505.96,507.5
511.97,508.36,509.32
509.99,508.88,509.64
509.42,507.25,508.46
507.72,502.41,507.59
502.92,500.0,502.89
504.18,502.14,503.28
504.28,502.43,504.28
503.85,500.0,501.84
502.77,500.44,502.77
504.45,501.25,501.25
493.94,484.95,489.39
495.0,490.81,493.53
484.0,478.4,481.91
480.01,475.33,479.91
484.0,478.14,481.8
477.09,474.04,476.55
481.3,476.11,479.69
484.26,479.99,481.85
486.0,480.69,483.27
483.59,480.28,483.08
479.29,472.01,474.54
481.48,474.11,479.29
476.86,470.42,470.57
479.87,474.59,476.97
481.26,476.37,480.98
483.69,476.03,477.0
476.05,472.2,474.5
477.16,475.9,477.1
476.27,473.65,476.2
476.05,474.21,475.7
477.96,474.5,474.97
475.31,471.11,474.63
475.47,472.29,474.89
476.97,474.24,476.57
478.0,475.41,477.65
478.9,477.05,477.29
493.97,489.75,492.45
486.4,484.73,486.3
491.79,487.43,487.43
487.19,483.86,484.9
489.0,486.15,486.79
489.0,484.0,484.5
485.99,483.12,483.12
481.29,477.75,480.54
478.8,477.0,477.65
480.92,477.63,479.91
479.71,477.31,479.45
483.0,479.0,482.8
484.0,481.06,483.94
483.33,481.24,482.9
480.0,478.41,479.78
480.48,479.13,480.48
482.16,481.08,482.0
482.42,480.01,482.05
480.89,479.42,480.88
479.83,478.0,479.78
479.46,474.95,475.43
473.13,469.22,469.26
470.74,464.91,468.33
463.53,456.3,459.92
470.77,465.47,469.99
474.78,463.01,469.73
468.33,466.25,468.33
467.37,465.04,467.18
465.56,462.91,465.0
467.53,463.71,467.43
465.78,462.56,463.0
472.58,466.55,469.56
474.99,471.2,473.2
479.99,474.33,474.34
478.0,476.31,477.68
482.55,479.14,480.07
487.75,481.69,484.71
489.8,483.0,483.0
480.02,475.13,476.57
479.94,478.89,479.44
476.11,471.5,473.11
475.53,473.04,474.9
475.75,472.83,474.7
475.42,468.82,474.17
477.79,475.07,475.9
475.0,473.38,474.98
472.6,471.44,472.6
471.98,469.78,471.97
472.54,469.65,472.33
472.55,470.27,471.55
474.71,471.97,474.62
470.41,467.43,470.0
472.81,469.99,472.0
476.9,474.39,474.71
478.19,476.28,476.83
479.98,478.86,479.76
477.98,476.16,477.98
476.44,474.38,476.43
479.44,476.33,479.18
477.18,474.55,476.17
479.66,478.33,478.38
477.7,475.43,477.35
476.16,473.69,475.49
478.0,476.18,478.0
479.35,476.0,476.0
474.26,471.01,474.0
477.59,472.0,474.63
475.93,474.52,474.61
472.5,467.76,469.47
473.49,469.37,471.81
472.37,470.38,471.24
471.1,468.0,469.19
471.75,467.11,467.77
469.15,464.0,465.89
464.34,462.0,462.02
465.15,462.7,465.14
462.08,456.0,457.83
460.32,457.12,457.7
456.0,454.76,455.99
449.8,447.4,447.93
453.94,450.01,452.09
451.15,449.53,450.95
448.89,447.23,447.99
449.98,440.0,441.58
438.88,432.38,435.03
421.99,408.33,418.93
428.99,425.0,425.0
428.99,422.75,427.28
422.51,410.0,410.0
396.1,386.03,392.45
405.0,397.82,404.99
402.93,398.0,400.0
397.44,394.75,395.86
409.99,404.6,409.79
418.32,414.04,416.8
427.8,419.62,421.01
420.41,417.25,420.03
412.2,404.49,408.19
414.45,408.76,408.76
412.59,410.23,410.23
400.92,395.34,399.79
400.78,396.48,398.7
409.97,406.0,406.97
406.0,403.04,404.62
401.54,397.84,399.55
404.6,402.59,403.94
406.79,399.62,403.23
405.0,402.51,405.0
403.99,398.58,401.83
403.47,400.58,402.4
401.52,398.02,400.07
401.99,400.16,401.97
402.96,399.89,401.69
398.41,394.77,397.15
402.66,396.86,397.92
448.99,430.01,437.71
443.9,433.55,438.97
437.14,430.0,430.0
429.91,422.1,422.1
429.78,420.5,426.4
433.95,428.06,429.97
432.0,425.7,429.63
427.0,422.36,423.68
418.92,414.05,418.83
411.98,405.25,411.56
412.44,407.0,408.03
416.79,410.46,411.48
409.98,407.0,409.66
411.46,408.51,408.76
411.22,408.52,410.31
407.0,404.4,404.85
401.96,397.23,399.3
407.75,400.53,402.11
406.99,403.12,405.6
408.99,403.57,403.57
407.32,403.91,405.43
406.99,404.5,405.0
405.95,404.16,405.95
405.99,398.79,399.44
403.33,396.99,400.8
402.5,399.06,401.77
402.9,401.5,401.5
400.5,398.2,399.8
399.95,397.79,398.33
393.14,387.27,390.75
382.63,378.2,381.91
379.0,374.34,375.35
385.6,377.58,379.51
375.56,369.0,372.89
378.89,372.85,378.89
382.43,379.65,382.16
378.0,374.83,374.83
374.2,369.09,374.2
376.75,374.54,376.7
375.85,373.61,375.0
379.17,374.79,379.12
386.09,379.05,383.38
393.8,383.76,392.64
394.88,388.75,391.09
392.1,388.42,390.18
388.33,383.83,387.0
386.47,377.98,380.0
387.13,383.0,384.74
386.49,383.77,385.12
384.96,381.15,384.86
385.26,381.86,385.23
384.78,382.02,383.11
381.65,378.13,381.56
378.72,373.0,378.53
378.85,374.92,377.75
374.86,372.0,372.01
374.6,371.61,373.9
378.11,375.68,376.48
376.96,374.84,376.4
370.99,360.0,367.19
368.74,357.0,361.0
360.0,355.0,356.9
363.96,356.13,363.87
361.99,356.03,357.95
354.6,351.31,353.73
350.0,345.63,348.03
342.15,333.02,338.73
335.0,325.25,329.86
336.6,331.35,336.44
334.9,326.55,328.17
315.67,302.26,302.26
314.96,307.15,308.9
318.99,292.0,311.21
312.87,298.41,312.87
300.0,299.99,300.0
300.0,299.38,299.99
332.35,320.03,321.34
338.0,324.18,335.13
337.1,320.0,329.71
332.92,326.37,327.95
335.94,330.0,334.61
335.98,323.0,326.34
324.9,312.37,318.73
332.31,325.38,329.26
331.6,329.78,330.41
331.55,329.32,331.55
334.0,329.98,329.99
331.0,328.6,330.68
346.0,337.22,344.94
348.89,338.95,346.03
349.44,343.48,346.78
355.0,348.3,349.1
358.4,354.0,354.9
362.0,352.58,362.0
370.0,364.1,366.0
395.55,368.03,387.0
380.94,374.0,374.0
363.19,354.59,361.71
369.15,363.28,369.15
375.21,371.02,374.29
366.25,361.25,362.15
361.0,351.1,356.05
362.64,352.31,356.55
361.63,357.17,359.02
366.94,363.3,363.33
365.33,362.51,364.73
358.7,352.1,353.28
357.76,352.21,353.38
361.71,358.25,358.76
363.98,361.13,361.13
362.6,360.69,361.42
362.0,360.69,360.77
358.96,356.05,357.29
364.74,358.56,363.26
378.33,364.0,372.2
383.6,377.77,379.07
377.5,373.05,377.5
371.0,368.07,369.95
381.47,376.52,378.18
388.0,379.41,382.81
384.8,378.97,384.36
405.0,390.0,394.0
397.84,392.1,396.01
417.99,406.21,406.35
407.6,399.0,399.33
403.22,396.7,401.78
412.74,406.86,410.81
408.88,396.0,402.22
398.78,394.46,394.98
400.01,394.65,398.2
391.98,389.05,390.97
400.62,390.02,396.06
394.9,391.5,391.74
393.95,390.14,393.94
397.85,394.0,396.05
394.9,391.0,392.71
396.5,393.61,393.7
380.99,374.0,379.95
380.0,371.84,373.95
385.73,381.01,382.65
382.5,380.42,382.36
385.26,382.36,383.99
379.26,374.13,375.48
379.59,370.96,375.6
384.22,382.11,382.54
383.0,381.93,383.0
379.45,377.0,379.16
379.91,377.7,378.09
384.2,382.15,382.36
392.88,387.9,391.6
390.95,387.79,389.93
393.13,391.16,392.75
390.47,388.49,389.91
392.51,390.08,391.61
388.93,386.11,387.81
391.07,388.77,391.05
391.15,388.44,389.92
391.78,387.29,389.37
385.5,382.32,384.09
385.0,379.98,384.32
384.87,381.99,383.65
384.9,384.0,384.9
385.89,382.95,385.23
383.99,378.01,381.85
383.5,379.0,381.24
382.02,379.52,380.9
388.0,385.0,385.0
393.55,389.21,391.57
388.71,385.48,387.89
387.94,385.42,387.58
388.87,385.69,387.51
386.76,385.02,385.71
384.23,380.36,381.47
384.97,381.12,384.26
386.51,384.63,385.43
384.91,383.0,384.32
382.82,381.75,381.76
375.41,368.23,373.46
369.99,366.84,368.75
365.86,361.4,362.84
366.98,361.45,365.88
359.95,354.0,356.8
357.23,344.34,352.59
357.2,350.54,354.73
362.3,358.39,362.11
363.71,360.31,361.34
359.72,357.5,357.88
357.0,355.97,355.97
356.92,352.8,355.49
359.1,356.65,357.5
344.74,341.58,342.0
346.0,343.1,344.05
349.99,347.03,349.97
352.68,349.48,349.5
346.78,344.5,346.78
350.13,347.61,349.08
358.83,355.66,356.9
353.93,350.31,351.86
355.9,353.85,355.58
356.84,353.52,353.52
354.98,353.0,353.67
352.73,349.21,350.21
355.28,352.3,354.88
356.98,352.09,356.5
357.15,354.42,355.89
354.58,352.0,354.0
353.4,350.89,351.59
352.92,351.45,352.1
356.78,354.85,356.77
355.86,353.01,355.58
354.99,353.1,354.15
357.45,354.12,354.78
354.69,350.2,350.2
354.89,351.47,353.41
353.0,347.02,348.71
341.67,337.74,340.0
343.9,340.0,341.98
338.83,336.01,338.47
338.97,335.58,337.46
338.77,335.0,338.31
339.8,337.8,339.26
337.2,332.99,337.1
344.93,335.55,344.0
351.34,344.14,344.76
347.96,345.26,347.22
346.53,344.5,346.49
344.67,338.8,338.8
343.16,339.21,341.13
341.6,339.34,340.89
340.98,337.66,339.73
339.32,337.47,337.97
337.85,331.94,331.97
333.1,330.0,331.5
328.0,323.3,327.75
327.9,323.59,323.59
325.0,322.36,323.97
326.75,324.52,326.12
328.7,327.47,328.7
326.71,323.1,325.54
323.83,319.17,321.0
326.6,324.46,325.58
326.08,324.61,325.43
329.5,323.49,328.95
331.13,328.18,330.56
332.98,329.1,330.99
331.46,328.02,330.07
330.78,325.78,329.59
329.87,325.52,327.29
328.44,324.4,328.29
326.7,323.02,325.0
325.3,320.0,322.67
332.9,326.37,329.11
331.0,325.08,331.0
328.13,326.04,327.89
337.43,334.08,335.07
334.88,333.0,333.94
340.67,334.49,338.68
340.0,337.22,339.61
343.82,340.0,342.99
344.17,338.42,339.93
341.0,338.27,340.95
339.3,336.65,339.21
340.0,338.36,340.0
340.5,338.15,340.15
349.93,345.58,348.73
352.99,347.99,349.83
348.6,346.4,347.97
351.22,349.46,350.69
349.0,345.27,347.42
346.81,344.49,345.58
342.5,340.4,342.29
344.99,342.0,342.99
343.97,340.6,342.33
345.7,342.5,343.92
343.58,342.2,342.2
342.99,341.76,342.01
345.94,343.47,345.63
345.0,343.0,344.93
346.05,344.95,346.05
345.83,344.55,344.63
350.86,348.0,350.82
354.99,348.0,354.3
357.42,356.07,356.12
360.89,358.0,358.0
362.3,357.3,357.94
361.99,358.47,359.54
364.21,360.09,363.0
374.1,368.02,371.97
375.97,372.07,375.6
372.15,364.55,364.99
370.93,368.96,370.05
370.86,366.62,368.73
368.67,365.12,368.47
367.77,362.1,362.25
366.36,363.43,365.97
368.75,367.07,368.73
374.0,371.0,373.91
389.05,380.8,382.35
382.46,378.0,381.81
400.0,394.28,395.85
434.8,405.0,434.41
428.99,424.41,425.7
428.99,424.97,428.5
453.88,441.84,448.01
444.29,412.0,417.04
431.61,425.16,430.75
426.25,401.55,407.28
408.88,402.0,404.0
414.16,404.5,406.01
396.19,391.66,391.66
393.95,382.95,393.12
411.98,405.14,406.85
397.38,392.4,397.0
398.71,392.51,398.02
405.99,392.23,397.78
397.36,394.59,396.02
395.7,390.12,392.47
390.92,381.75,384.75
374.0,369.0,370.1
379.66,375.64,379.66
379.94,375.08,379.35
386.86,380.49,386.86
390.87,384.55,387.43
389.89,386.0,386.0
383.69,380.05,382.52
389.59,384.27,388.23
399.99,396.08,399.9
407.1,398.26,405.02
415.0,406.4,409.48
405.76,398.15,403.78
399.0,375.0,384.32
388.87,383.84,386.4
393.7,386.26,388.11
389.63,388.65,389.38
387.84,383.3,385.27
381.08,372.01,373.74
379.79,374.81,379.29
380.0,375.45,378.47
380.79,375.9,380.19
380.83,379.0,380.83
385.0,380.48,384.81
379.99,374.77,378.83
377.77,372.63,375.9
377.65,374.49,377.29
381.78,378.28,379.42
379.34,375.0,377.02
365.44,358.3,363.78
359.93,354.16,357.18
361.72,359.62,360.98
361.5,356.0,357.99
353.24,350.3,351.35
351.73,348.34,351.73
357.0,352.26,353.31
357.49,350.95,350.95
358.0,355.32,356.96
355.0,353.46,353.88
353.9,351.0,352.11
361.2,356.02,360.62
359.96,357.01,359.65
365.29,359.38,360.73
359.97,357.49,359.95
360.0,357.05,357.24
356.78,353.21,356.78
357.13,354.67,357.13
357.12,354.64,356.71
360.81,354.31,358.82
363.99,362.0,362.97
368.09,364.32,368.08
372.05,368.11,371.9
370.54,368.0,368.92
376.49,373.65,376.22
379.02,372.0,379.02
382.98,378.59,382.52
389.98,372.91,379.27
385.0,379.09,385.0
383.12,380.13,383.12
395.11,390.13,391.59
390.0,382.65,385.0
381.85,376.15,381.01
380.76,374.31,378.0
376.59,371.86,373.56
377.5,375.19,376.92
370.7,367.9,369.81
374.43,371.14,372.5
374.3,369.96,370.0
368.12,363.38,366.99
372.75,369.04,369.04
372.96,370.11,372.96
374.06,370.18,373.0
372.58,369.0,371.55
375.32,369.17,370.6
370.61,368.03,369.62
370.0,368.02,368.02
368.41,363.38,364.46
363.47,360.13,361.29
365.89,360.99,362.65
379.29,373.26,376.82
379.99,377.25,379.39
374.86,372.25,372.27
379.5,376.72,379.2
378.99,376.49,376.49
384.18,380.01,381.58
382.31,375.0,375.66
376.93,374.53,376.47
377.94,374.15,377.87
376.5,375.57,375.57
380.26,376.0,380.26
378.0,376.01,376.97
376.97,374.75,375.45
378.08,374.51,377.21
377.84,373.95,373.95
380.15,374.0,379.92
378.7,376.7,376.9
382.31,377.54,379.76
382.0,379.51,380.25
379.57,376.85,379.1
378.24,375.51,376.98
378.9,376.1,378.72
382.42,379.5,382.4
381.98,379.0,381.85
382.35,380.5,381.98
380.0,376.38,379.88
380.71,378.1,380.71
381.5,379.9,380.68
379.14,374.75,375.9
377.8,374.98,377.6
381.99,377.92,377.94
380.25,378.2,378.47
377.6,375.61,377.6
378.99,377.29,378.99
378.84,376.53,377.47
370.99,365.01,370.99
371.77,368.33,371.21
373.99,370.13,373.91
369.89,365.61,366.94
369.5,367.56,368.7
373.99,368.68,372.55
371.69,369.0,371.35
373.99,372.5,372.99
376.0,372.65,376.0
376.62,375.38,376.23
374.82,371.31,372.62
375.44,373.01,374.1
375.65,374.02,375.58
375.26,373.05,374.15
376.87,374.6,376.56
375.08,373.27,375.08
375.47,374.25,374.26
376.3,373.88,376.18
377.49,375.05,377.46
377.49,375.01,376.0
376.01,374.48,375.4
377.26,376.0,376.86
373.62,373.0,373.0
370.93,365.4,365.4
369.16,366.32,367.99
370.7,367.99,368.36
368.46,365.48,368.3
363.0,357.58,362.28
358.78,355.0,355.0
351.66,347.01,349.64
353.78,351.28,353.5
356.99,348.72,355.91
353.9,352.0,353.9
352.5,350.42,350.44
351.77,349.11,349.9
353.0,349.56,352.5
351.66,349.92,350.91
351.96,349.63,351.29
350.78,347.58,349.31
348.28,344.2,346.94
353.97,342.03,353.97
364.43,360.0,360.01
358.99,353.23,358.69
359.5,356.02,357.6
358.07,348.09,351.08
350.0,348.47,349.83
352.59,349.41,352.0
355.0,350.88,354.65
355.01,351.51,354.1
355.0,353.77,354.53
357.25,355.77,356.49
353.71,350.18,350.71
350.43,349.33,350.36
351.0,347.03,348.61
351.79,347.6,351.09
350.99,350.0,350.94
351.8,348.94,348.98
351.98,348.96,350.5
350.8,349.0,350.19
351.32,350.0,351.08
351.94,349.71,350.77
352.99,351.74,352.0
359.3,355.19,357.93
357.3,355.63,355.8
353.9,352.5,353.13
353.93,351.97,352.17
352.6,350.37,350.68
354.42,351.6,351.84
350.41,346.33,349.54
349.27,347.65,348.44
342.97,340.0,340.0
341.74,336.54,338.75
338.96,335.0,337.69
339.99,336.43,339.94
334.72,330.23,332.6
331.99,325.94,331.98
333.72,330.82,332.5
330.0,323.21,324.12
320.55,316.98,319.3
323.0,318.99,321.02
323.66,321.03,322.18
323.86,320.77,323.75
319.5,310.1,313.21
313.13,304.99,309.29
316.99,311.1,311.56
314.28,310.0,313.02
317.98,314.74,316.0
312.99,310.19,312.21
310.23,307.11,309.0
315.91,313.72,313.75
313.27,309.01,311.84
315.06,310.09,315.06
315.7,313.31,314.37
318.59,316.62,316.99
324.73,320.56,324.68
324.0,319.93,324.0
329.3,327.0,328.88
328.69,323.53,325.1
328.71,325.0,327.53
332.31,329.0,329.79
324.21,319.37,320.0
322.99,321.91,322.19
326.86,324.57,326.26
326.09,324.6,325.64
326.28,321.52,322.9
323.95,320.01,323.9
323.59,320.47,321.97
332.53,328.51,330.77
330.67,326.69,329.45
333.95,328.9,332.63
333.99,329.77,333.0
333.99,331.45,333.68
330.95,327.52,329.91
332.67,329.96,331.35
331.99,330.0,331.0
334.38,331.89,334.0
338.99,336.0,338.97
336.9,333.69,334.72
334.79,333.0,334.74
331.29,329.3,329.54
333.08,328.63,329.5
330.13,328.0,329.0
324.59,322.5,323.27
323.03,320.23,320.36
322.99,318.91,321.04
322.6,318.34,318.34
320.29,318.63,319.24
321.51,318.5,321.51
319.68,317.41,317.71
319.9,319.21,319.8
321.72,319.34,321.7
324.53,320.8,321.75
325.72,322.76,323.8
325.45,322.02,322.02
330.26,326.4,326.86
329.31,327.59,327.99
322.96,318.9,320.43
321.58,320.59,320.75
321.81,320.0,320.78
316.96,314.02,315.81
316.67,313.0,316.0
319.56,316.29,316.82
316.6,314.02,314.02
316.62,315.0,315.45
316.0,311.22,313.59
317.4,314.47,316.33
318.47,316.15,317.39
319.44,316.95,318.79
318.25,315.69,317.4
317.28,314.23,315.33
318.8,315.08,316.0
315.5,313.02,315.0
314.96,313.83,314.43
314.77,312.14,314.4
315.72,313.0,313.39
314.27,311.34,314.16
312.92,310.43,311.7
316.77,313.57,315.0
314.0,310.0,310.0
312.79,311.0,312.01
312.99,310.98,312.67
314.98,312.14,314.56
313.68,312.83,313.37
319.5,313.55,316.7
317.59,314.76,317.53
321.0,319.04,319.66
318.39,313.55,314.0
316.27,314.34,316.27
316.93,315.57,316.83
315.52,313.25,314.93
315.98,313.6,315.54
314.8,311.96,313.26
315.99,313.82,315.98
314.89,312.44,314.88
315.42,314.3,315.01
316.34,314.25,314.49
316.83,314.06,316.65
316.58,314.41,316.4
313.36,311.33,312.06
309.34,306.0,306.47
307.0,304.45,304.9
304.19,299.99,301.95
300.54,291.04,292.0
289.81,280.0,282.0
284.62,279.48,279.48
283.33,279.84,282.77
285.18,282.38,283.9
266.03,255.0,265.0
272.52,265.24,270.62
264.95,258.66,264.0
278.7,270.0,272.2
275.09,269.58,275.09
297.99,292.0,293.97
288.38,286.65,288.38
286.87,285.02,285.8
280.84,278.5,280.0
279.15,274.87,276.85
278.87,274.98,276.0
276.4,275.0,275.59
280.81,279.47,280.0
276.72,276.3,276.61
279.62,276.3,278.44
280.29,271.7,272.4
271.72,267.11,268.48
270.29,262.08,266.39
270.9,269.01,270.38
270.9,268.29,269.98
269.24,266.62,268.52
272.2,270.0,270.71
272.43,270.98,271.76
270.19,266.5,267.42
254.55,244.0,244.89
250.0,243.06,245.69
232.94,219.94,219.94
234.0,229.0,232.0
239.09,231.75,237.71
230.32,217.11,227.0
221.58,218.96,219.55
209.54,152.4,185.05
197.55,189.1,190.65
196.86,194.14,194.68
185.0,177.62,182.02
174.17,161.1,171.41
201.82,189.31,190.94
195.11,190.6,194.81
213.84,209.0,212.17
222.47,212.99,220.48
220.02,211.67,212.67
218.97,207.02,210.98
221.77,215.0,221.71
219.94,216.0,217.76
223.15,214.0,216.44
209.16,203.5,206.69
210.2,205.27,208.89
209.28,204.5,208.03
212.84,208.23,209.95
203.24,199.79,200.61
205.03,192.17,198.48
200.53,195.5,199.26
201.96,198.09,199.04
200.95,198.53,199.69
198.1,195.83,195.83
196.2,195.02,195.18
213.93,209.32,211.96
216.8,210.29,211.11
213.85,208.0,213.35
212.3,210.05,211.85
215.0,213.0,214.11
212.0,208.34,208.34
212.1,209.16,212.1
213.08,211.0,211.0
213.0,210.6,212.0
218.69,215.46,216.34
213.98,211.42,212.66
210.53,208.07,209.6
209.63,208.0,209.04
214.01,210.66,212.35
215.52,210.8,214.13
212.74,210.65,210.65
214.45,212.68,213.86
214.74,211.69,212.8
215.25,212.33,213.29
212.9,211.39,212.9
216.0,213.79,215.77
228.9,222.93,227.16
235.97,229.06,232.23
232.99,228.11,230.74
236.21,231.85,233.64
235.01,230.96,233.49
234.93,231.8,234.28
234.08,232.01,234.08
228.13,225.67,227.71
231.59,227.67,228.73
228.72,227.0,227.41
234.49,231.16,233.44
233.95,232.28,233.6
234.3,230.0,233.64
233.68,230.03,230.03
233.0,231.33,232.99
235.97,233.49,234.73
242.95,235.1,242.0
248.09,244.1,246.67
249.99,248.06,249.19
254.7,251.48,252.79
250.69,245.91,248.36
250.0,244.0,246.97
254.0,245.0,248.3
250.0,246.86,249.17
257.0,246.0,255.31
291.95,277.71,281.11
309.9,281.71,308.04
303.0,296.0,298.0
282.92,265.0,267.26
267.49,261.09,266.2
274.88,269.4,274.8
258.44,252.52,257.56
262.01,257.0,260.22
255.0,248.0,253.96
264.18,258.01,260.42
265.75,262.03,264.6
263.99,261.65,263.98
259.44,255.65,258.3
258.04,254.48,257.58
260.41,257.48,259.8
255.0,252.39,253.5
243.85,233.33,239.9
239.6,233.05,236.07
241.55,236.95,237.23
236.31,232.5,232.89
233.57,223.48,226.0
233.0,226.03,232.0
239.62,233.68,237.3
236.88,232.54,235.79
237.0,233.44,234.83
244.35,235.64,237.99
234.77,231.13,233.57
231.79,228.5,229.21
231.8,230.06,230.5
233.0,225.52,228.98
228.48,226.66,228.18
234.0,225.91,232.02
231.69,229.07,230.69
232.69,230.89,231.4
230.98,228.76,228.76
225.35,215.75,216.9
220.46,216.63,218.76
220.39,218.03,219.58
215.85,208.48,214.42
217.81,212.57,217.26
229.5,223.72,228.0
228.77,225.88,226.93
232.77,227.89,229.65
227.0,222.03,225.14
226.0,224.0,226.0
227.77,222.12,223.33
226.77,225.75,226.47
241.98,232.52,238.47
239.32,236.0,238.03
239.82,237.76,238.48
243.0,235.03,242.98
241.94,239.2,240.0
238.67,231.12,233.57
230.73,225.98,229.77
230.0,228.13,228.66
228.18,226.07,226.27
225.27,221.83,224.52
224.0,221.5,223.67
225.0,222.05,224.83
227.02,224.5,225.45
228.94,227.41,227.81
226.12,223.41,225.28
226.61,225.46,226.09
226.24,223.76,224.76
218.4,216.05,216.25
218.42,215.0,217.92
220.0,217.94,219.0
219.0,216.86,218.71
219.17,215.0,216.18
224.58,219.15,222.58
223.11,218.89,223.01
224.88,223.0,223.95
226.0,224.14,226.0
224.69,222.4,224.69
231.0,224.75,230.0
230.06,226.14,226.14
228.16,223.28,227.95
229.85,227.83,228.92
228.0,226.5,227.88
225.79,224.55,225.19
228.88,227.63,228.73
226.24,224.7,225.5
224.0,220.91,222.49
224.28,221.62,224.14
224.66,222.82,224.29
223.83,221.1,223.83
224.47,220.75,222.31
220.3,215.1,219.21
220.39,218.77,219.8
223.0,218.65,221.67
221.4,220.6,221.4
218.79,216.0,216.22
217.84,216.23,216.5
218.23,215.52,217.18
221.33,219.24,220.11
221.91,219.56,221.53
223.43,221.62,222.9
222.45,220.52,222.05
221.88,218.0,219.84
222.39,221.01,222.39
223.0,221.27,222.78
220.4,218.96,220.0
219.31,218.56,218.83
218.93,218.19,218.29
219.66,218.6,219.34
221.76,220.04,220.56
223.0,221.49,222.54
223.04,222.0,222.63
222.81,221.62,221.87
235.02,226.22,233.12
239.07,234.35,236.99
237.88,235.01,237.2
241.49,235.1,236.99
238.0,235.22,237.77
239.14,237.14,237.78
249.99,244.95,249.98
249.5,247.97,248.9
248.11,245.53,245.64
247.95,244.32,246.57
259.31,253.94,258.61
259.91,257.0,259.02
258.61,255.95,258.37
265.2,258.02,258.02
250.96,243.1,245.26
245.56,243.42,243.97
234.22,229.2,234.0
232.33,229.65,231.58
235.6,232.6,234.22
239.5,235.92,237.28
237.5,233.85,236.6
238.41,235.43,237.38
237.0,234.34,236.9
235.93,235.0,235.78
236.32,235.6,236.02
241.2,237.01,238.83
239.9,236.13,239.25
245.72,243.01,245.13
244.37,242.01,244.37
245.49,243.75,244.69
246.02,244.56,244.68
243.22,241.29,242.86
242.6,237.35,237.91
235.86,233.0,234.97
236.34,234.0,236.34
237.36,235.59,237.06
238.61,236.83,237.62
239.75,236.85,239.75
238.42,237.24,237.92
243.42,241.05,242.03
243.0,240.96,241.91
242.22,239.41,242.1
247.38,242.29,244.97
248.28,245.1,247.0
247.12,244.45,246.99
244.0,243.06,243.97
245.84,244.9,245.6
246.26,244.77,245.41
247.0,245.51,245.55
246.05,244.62,245.62
245.12,244.05,244.45
246.0,244.07,244.07
245.64,244.58,245.62
247.0,245.82,247.0
246.8,246.0,246.0
246.59,245.83,246.0
244.49,234.08,237.01
237.0,232.48,234.15
236.0,234.47,235.99
237.55,235.44,237.06
237.19,235.85,236.93
235.43,232.42,235.42
236.88,234.65,236.87
238.28,236.63,237.45
241.0,237.59,239.0
239.89,238.93,239.89
239.43,237.28,238.1
237.9,236.55,236.99
240.88,237.79,238.5
240.58,237.89,240.18
240.1,239.27,239.75
239.62,238.13,239.23
238.81,238.0,238.53
236.86,236.0,236.8
238.6,237.69,238.57
238.98,238.04,238.89
238.0,237.76,238.0
238.05,236.03,236.15
237.11,236.06,236.33
236.87,234.2,236.87
237.48,235.66,237.12
237.75,237.32,237.65
236.89,235.54,236.5
237.16,236.5,236.6
252.12,246.1,247.3
253.0,248.37,252.6
254.02,250.61,252.72
255.25,252.5,254.54
255.12,253.01,253.96
251.62,245.2,249.27
253.0,251.06,251.41
253.0,251.16,251.16
252.5,249.1,250.99
253.12,251.15,252.0
254.29,252.2,253.42
252.5,251.4,252.0
253.0,252.4,253.0
252.59,251.57,252.04
248.69,247.41,248.39
248.7,246.83,247.87
260.25,255.23,256.1
257.55,256.9,257.55
260.5,258.01,260.11
260.99,258.5,258.51
261.98,259.36,261.0
264.96,263.1,264.96
274.13,272.0,272.84
275.0,273.01,273.75
275.01,272.11,274.01
276.15,274.03,275.97
272.89,265.89,267.98
280.0,274.64,279.0
283.87,280.0,281.49
282.4,280.47,281.88
282.0,274.0,276.27
277.24,270.18,276.06
281.3,279.2,280.99
281.87,278.0,279.38
271.9,268.28,271.87
271.72,267.9,270.88
269.2,265.01,267.61
268.51,265.0,267.0
270.81,268.89,270.18
268.49,265.0,268.44
277.83,272.97,272.97
275.65,272.92,273.94
274.0,272.69,273.68
273.92,270.72,272.16
274.0,270.02,271.98
274.42,272.36,272.36
274.57,272.3,272.64
272.78,270.9,271.81
272.63,271.88,271.88
272.49,270.68,271.87
273.15,271.88,272.91
278.07,272.81,276.0
277.0,275.0,276.64
277.28,276.12,276.52
276.98,275.45,276.46
276.36,274.38,274.47
274.06,272.31,273.64
274.09,272.89,273.88
276.1,273.84,274.15
275.53,274.34,275.35
279.48,277.54,278.45
281.63,278.25,281.5
280.34,277.47,279.2
286.97,283.0,285.0
288.29,286.04,287.83
288.0,287.0,287.93
292.9,291.63,292.72
292.0,289.65,290.01
290.45,285.16,290.0
293.0,287.33,292.98
293.17,289.0,291.89
291.33,288.77,291.16
290.44,288.0,289.98
292.97,290.32,292.57
293.2,290.29,291.49
294.83,292.12,294.73
295.57,293.63,295.0
295.8,293.63,294.7
293.81,292.15,293.54
294.56,292.23,294.16
294.49,292.58,294.21
297.58,295.14,297.49
296.92,294.0,294.37
295.47,294.26,295.31
294.09,291.12,291.65
291.57,289.98,290.0
292.69,290.0,292.5
291.5,289.73,291.14
289.28,288.18,288.34
284.99,283.0,283.51
285.08,283.29,284.07
284.29,283.21,284.25
284.32,283.68,284.32
287.44,285.01,285.3
283.19,281.4,282.93
283.88,282.05,283.0
284.22,283.28,284.22
284.67,282.2,283.51
285.5,284.79,285.02
284.47,283.16,283.88
287.75,286.14,287.39
289.36,286.22,288.56
290.0,288.89,290.0
293.48,290.89,293.01
293.4,291.54,293.12
290.97,288.76,289.75
290.89,289.29,290.76
289.27,288.0,288.75
290.0,289.41,290.0
292.99,290.63,291.64
290.7,289.5,290.52
287.71,286.1,287.6
286.77,281.9,283.0
282.59,280.45,282.04
284.0,281.59,283.56
281.75,272.41,277.64
273.52,271.26,272.62
270.0,261.75,267.58
263.03,249.02,254.99
254.81,249.0,254.0
254.98,252.22,252.99
260.98,259.01,259.11
259.9,256.6,258.33
265.95,262.01,263.04
264.28,256.52,263.19
263.25,261.53,263.23
263.08,260.2,261.46
259.88,257.75,259.82
261.04,260.01,260.83
260.89,258.43,260.0
262.79,260.83,262.67
261.54,260.8,261.31
261.65,261.1,261.64
258.18,256.65,258.17
262.49,259.78,262.24
259.45,257.83,259.29
259.86,258.3,259.41
260.12,259.34,259.37
259.69,259.4,259.69
261.47,260.24,260.74
259.96,259.51,259.96
260.81,259.88,260.41
267.5,265.63,267.48
269.36,267.0,268.67
268.11,266.0,267.61
268.5,266.66,267.4
269.65,263.26,266.0
266.6,265.55,265.98
267.99,265.6,266.18
265.94,264.34,264.34
264.68,264.51,264.6
264.0,260.52,261.0
257.17,245.83,249.0
247.77,243.32,246.8
248.89,246.57,248.29
246.99,244.11,246.8
246.02,243.8,243.81
245.0,237.63,243.45
250.0,244.04,246.03
248.49,243.4,244.8
245.95,244.75,245.63
246.23,245.07,245.39
246.17,245.03,245.84
252.37,250.03,251.48
253.74,251.53,252.75
252.1,250.21,251.84
250.69,247.9,248.08
250.01,246.33,247.03
248.73,247.1,247.59
248.78,247.23,248.69
247.34,245.12,247.06
249.53,247.82,248.63
249.0,248.65,248.65
249.49,247.82,248.92
253.7,252.24,253.41
252.72,251.28,251.65
251.5,249.91,251.35
252.25,251.46,251.71
252.82,250.92,252.51
252.71,249.04,249.04
248.39,247.69,248.17
247.22,240.22,241.25
244.38,242.34,242.99
244.93,243.73,243.74
243.56,242.0,242.09
241.54,236.52,236.98
246.42,244.84,244.84
245.99,244.47,245.76
244.3,243.24,244.0
245.92,244.54,245.9
248.86,246.13,246.29
248.07,247.38,247.53
247.35,245.74,246.93
247.96,244.92,244.92
243.7,238.55,243.25
244.28,243.06,244.04
245.0,242.61,244.97
244.87,243.66,244.58
243.75,242.52,243.28
242.35,240.0,240.5
242.77,241.96,242.76
242.98,241.7,242.79
246.74,245.19,246.23
247.99,246.61,247.66
247.03,244.97,246.41
245.97,244.78,245.15
247.98,246.62,247.94
251.98,249.85,251.97
252.82,250.93,251.91
253.48,252.01,253.38
251.91,251.23,251.68
256.67,255.09,255.51
255.85,253.8,255.16
255.79,253.35,254.97
254.87,253.16,253.42
255.0,254.06,254.9
254.1,253.49,253.87
252.41,251.0,251.55
252.57,251.38,251.43
253.85,253.37,253.5
253.29,252.43,253.15
253.8,253.01,253.07
253.99,251.65,252.21
252.47,251.8,251.8
257.72,256.09,256.26
257.63,257.19,257.31
257.9,256.71,257.4
261.0,260.05,260.05
261.15,258.65,259.48
258.83,258.04,258.69
257.91,257.21,257.86
258.68,258.14,258.67
255.3,254.45,255.14
256.62,254.94,255.15
254.53,252.48,253.96
254.99,253.33,254.39
253.71,251.5,253.28
255.17,254.16,255.08
255.52,254.48,254.61
253.74,252.72,253.49
253.87,252.89,252.89
253.58,252.99,253.15
248.22,243.99,245.71
245.4,244.0,244.82
246.7,243.06,245.81
246.24,244.28,246.15
245.41,244.05,244.11
242.08,238.47,241.48
245.15,241.82,244.57
244.93,243.82,243.89
243.73,242.06,242.49
243.94,243.11,243.29
242.29,240.9,241.51
240.62,238.79,239.28
237.97,231.0,233.95
237.33,231.11,237.02
235.59,234.0,235.0
236.43,235.08,235.75
236.94,235.72,236.09
237.0,234.92,236.99
235.68,234.35,234.94
237.78,237.0,237.74
237.29,235.27,237.16
237.38,236.09,237.22
237.06,235.77,236.53
236.92,233.42,235.45
236.67,235.58,236.67
237.0,235.6,236.55
236.55,236.0,236.29
236.63,235.25,236.18
236.5,234.99,236.29
236.08,234.5,235.26
235.92,232.84,233.92
233.92,232.94,233.91
225.42,221.04,223.66
223.79,221.46,223.03
223.18,221.59,222.54
221.97,217.64,220.48
221.86,219.0,221.37
221.0,210.0,216.49
217.44,216.0,217.4
220.0,215.67,219.72
221.75,218.98,219.94
221.75,214.05,219.47
221.6,219.36,221.41
220.84,219.42,220.84
220.07,218.95,219.23
225.73,222.44,224.49
224.73,224.08,224.41
226.5,225.57,225.67
226.99,224.22,225.61
229.1,226.53,229.1
228.98,227.35,228.08
228.27,226.87,227.1
227.96,227.03,227.29
225.06,222.09,222.69
224.27,223.0,223.55
222.82,221.5,222.74
223.9,221.71,222.81
223.5,222.58,223.22
223.18,222.33,223.11
223.97,223.19,223.39
222.34,221.41,221.47
222.4,221.43,222.1
224.48,222.92,224.08
223.54,222.71,223.0
224.36,223.45,224.16
227.35,225.03,225.81
226.69,225.74,226.26
225.29,224.12,225.09
223.7,221.91,222.72
222.54,221.43,222.45
224.35,223.7,223.84
225.44,223.84,224.7
226.29,225.24,225.45
224.88,224.14,224.79
224.55,223.74,224.25
225.59,224.3,224.87
225.22,224.78,225.15
225.39,225.04,225.12
224.99,224.23,224.99
225.56,224.58,225.09
235.61,226.33,233.91
236.0,233.62,233.95
236.04,235.0,235.0
236.0,234.32,235.79
235.62,234.96,235.3
238.64,236.88,237.92
237.21,229.1,234.46
233.95,232.56,232.81
234.74,233.49,233.49
234.9,232.6,234.73
235.0,234.17,235.0
235.65,234.21,235.32
235.18,234.46,234.74
236.0,235.32,235.81
234.49,233.21,233.34
231.46,229.15,231.45
232.3,231.15,232.04
231.03,228.0,230.76
231.62,230.1,231.49
231.37,230.88,231.36
229.5,228.65,229.03
228.0,225.7,227.8
228.32,226.2,226.94
228.59,227.1,228.39
228.45,227.14,227.23
227.26,226.12,226.57
220.33,219.4,219.56
221.0,218.75,220.16
219.96,219.02,219.28
218.88,214.98,218.53
222.71,217.79,221.03
219.72,218.93,219.04
219.68,218.72,219.0
219.82,219.0,219.2
221.0,217.52,221.0
224.53,219.01,222.5
222.28,220.7,222.13
227.56,226.0,226.35
226.52,224.89,224.99
226.99,225.02,226.61
225.6,223.99,224.67
226.92,225.22,226.01
225.44,223.22,224.05
226.1,224.45,225.38
224.68,223.39,224.15
223.8,222.0,222.92
224.62,223.02,224.56
225.5,224.23,224.59
226.99,225.95,226.49
225.58,225.1,225.37
226.0,225.3,225.87
234.69,229.36,232.53
234.3,232.28,233.49
235.88,233.95,234.27
240.0,235.44,236.45
236.74,234.18,235.97
236.56,235.01,235.77
237.37,234.0,234.42
235.34,233.02,235.24
234.99,233.99,234.81
235.0,233.23,234.66
232.98,230.81,231.16
234.55,232.96,234.22
232.42,230.56,232.4
234.4,232.17,234.25
234.71,233.34,234.7
234.76,234.2,234.38
233.83,232.31,232.82
235.64,234.35,234.7
239.39,237.46,238.86
242.25,240.62,240.97
240.32,239.0,239.62
241.08,239.01,240.64
239.73,237.01,238.02
240.86,238.69,240.51
240.4,238.19,239.73
242.2,239.31,241.2
239.08,236.75,237.86
238.39,236.07,237.23
238.78,236.5,237.5
235.77,234.65,234.87
234.92,233.5,233.86
234.37,231.82,233.98
234.91,233.0,234.28
234.89,233.53,233.93
235.94,235.0,235.0
235.24,234.09,234.3
235.18,233.99,234.85
234.37,233.77,234.13
235.33,234.06,235.05
234.41,232.91,233.51
229.76,228.21,229.68
229.4,228.98,229.4
229.02,227.35,229.02
231.0,229.65,230.17
231.89,230.6,231.79
238.87,236.25,236.82
237.94,235.45,236.87
237.45,236.45,236.88
238.41,236.75,237.8
238.26,237.27,237.51
243.5,236.67,243.48
246.05,244.5,245.0
244.38,243.12,243.2
244.98,243.3,244.27
247.01,244.22,247.0
240.67,239.1,239.87
241.81,240.44,241.2
241.5,240.53,241.37
242.99,241.12,241.96
242.16,241.24,242.1
240.43,238.02,240.43
242.94,241.8,242.87
242.6,238.25,239.9
240.27,238.9,239.96
239.6,238.75,239.13
240.28,238.32,238.42
239.98,238.51,238.74
240.48,238.03,239.51
242.64,240.79,241.65
243.82,240.71,242.36
241.3,240.0,241.3
239.57,237.6,238.38
239.99,239.0,239.99
240.0,238.58,239.78
241.6,240.87,241.45
241.95,241.1,241.94
241.59,241.01,241.03
241.83,240.92,241.7
242.96,241.68,242.5
242.98,242.4,242.98
243.85,242.26,242.99
244.1,242.66,243.44
237.26,235.55,235.97
236.3,235.09,235.75
236.56,235.1,235.45
238.98,235.8,237.4
238.16,236.97,237.98
238.21,236.73,237.5
237.15,236.05,237.13
237.73,236.66,237.44
237.18,236.22,237.18
237.81,236.84,237.24
238.54,237.31,237.5
237.83,237.19,237.4
237.4,235.12,237.37
237.05,236.0,236.93
237.18,236.06,236.66
236.85,236.09,236.33
237.0,236.18,236.49
236.3,235.33,235.57
235.88,235.07,235.66
236.39,235.66,236.04
236.39,235.54,236.14
235.99,235.0,235.79
236.97,235.17,236.86
236.83,236.04,236.55
236.3,235.43,235.97
236.36,235.35,236.06
235.73,234.6,235.73
236.54,235.06,235.91
236.94,235.38,236.2
236.58,233.4,235.96
233.26,232.11,232.87
233.68,233.01,233.66
234.16,233.44,233.88
232.83,231.13,232.39
233.0,232.51,232.78
233.16,231.93,233.05
232.11,231.03,231.4
232.91,232.0,232.78
232.3,231.32,231.85
233.99,233.12,233.54
234.5,233.74,234.2
234.38,233.41,233.77
234.43,233.13,234.43
234.89,233.9,234.35
235.52,234.04,235.5
235.7,234.39,235.12
236.28,235.22,236.0
236.13,235.26,235.36
235.75,234.91,235.0
235.43,235.2,235.23
236.99,235.57,236.35
235.0,233.39,234.08
236.39,235.44,236.19
239.82,239.0,239.8
239.0,238.23,238.99
240.14,239.13,239.63
239.97,239.0,239.97
240.34,240.0,240.07
240.05,239.0,240.05
239.26,237.4,238.55
238.33,237.7,237.76
238.99,237.79,238.3
238.5,238.28,238.5
238.45,237.8,238.45
239.33,238.13,239.33
241.0,240.57,240.79
240.19,239.21,239.22
239.94,239.0,239.52
239.99,238.63,239.8
236.23,235.04,236.2
237.1,236.3,236.87
236.55,235.02,235.56
235.79,235.48,235.59
236.66,235.72,235.98
236.63,234.0,236.63
237.8,236.06,237.45
236.25,236.06,236.15
236.19,235.82,236.19
236.21,235.43,235.71
235.36,235.16,235.36
237.13,236.87,236.87
237.2,235.63,236.03
235.91,234.0,234.79
235.61,234.31,235.42
235.35,235.1,235.17
236.25,235.26,235.93
235.95,235.17,235.52
236.21,235.63,236.1
236.64,235.95,236.48
236.49,235.83,236.07
236.68,236.0,236.46
236.52,235.51,235.51
235.02,234.0,234.37
235.6,234.6,235.56
235.98,235.34,235.5
236.04,235.67,236.0
236.21,235.34,236.03
235.44,234.17,234.95
235.41,234.64,235.36
232.71,231.55,232.27
232.39,231.8,232.0
232.39,231.02,231.06
232.36,231.7,232.11
232.49,231.93,232.49
232.41,231.88,232.4
231.81,229.99,230.38
231.54,230.34,231.32
232.1,231.01,231.52
229.29,228.22,228.91
230.05,229.21,229.5
231.13,229.13,231.0
228.1,225.97,227.46
227.4,221.0,222.51
223.0,221.66,222.64
223.82,223.13,223.51
223.8,223.09,223.18
223.55,222.4,222.4
223.23,221.84,222.89
226.38,224.59,225.34
225.8,224.38,225.42
225.38,224.62,225.18
226.0,224.86,225.46
225.07,223.1,223.1
224.99,224.0,224.33
225.92,224.79,225.45
226.99,225.87,226.89
225.51,224.27,224.27
225.29,224.33,225.0
225.65,224.11,224.81
225.69,224.49,224.7
225.64,224.92,225.42
225.19,223.5,224.9
223.7,222.0,222.99
223.58,223.2,223.28
222.99,221.38,222.31
223.75,221.91,223.75
225.01,224.12,225.01
225.01,224.16,224.82
224.76,224.15,224.4
223.99,223.58,223.67
224.75,224.55,224.61
225.1,224.07,224.67
224.5,223.85,223.85
224.99,224.08,224.79
224.99,224.26,224.99
225.39,225.0,225.04
225.4,225.02,225.25
225.4,224.78,225.26
224.88,222.0,223.0
222.67,222.06,222.58
222.9,222.29,222.86
222.9,222.49,222.5
222.86,222.55,222.8
224.8,224.01,224.77
227.99,226.05,227.07
228.6,226.98,227.0
228.44,227.4,228.0
227.91,227.5,227.6
227.74,227.03,227.15
229.99,229.07,229.99
230.4,228.99,229.49
230.43,229.0,229.0
229.88,228.56,229.15
228.78,228.3,228.4
229.29,228.34,228.75
229.03,228.28,229.0
229.31,228.53,229.1
228.57,226.83,227.52
228.32,226.95,227.88
228.57,227.84,228.31
229.19,228.41,229.02
229.35,228.77,229.2
229.17,228.5,228.77
229.16,228.11,228.76
229.11,228.01,228.83
229.05,228.69,228.98
229.31,228.29,229.05
230.0,229.02,229.86
230.7,229.84,230.23
230.56,229.18,230.15
229.99,229.25,229.92
229.82,229.05,229.65
229.75,229.44,229.59
229.89,229.66,229.87
230.25,229.82,230.2
230.5,229.99,230.3
232.04,231.4,231.51
232.07,231.46,231.66
233.3,232.93,233.19
233.43,232.66,233.02
232.67,231.6,232.3
232.1,231.78,232.09
231.77,231.0,231.3
232.63,231.93,232.31
235.0,232.02,233.9
234.43,233.41,233.7
234.52,233.47,234.24
237.09,235.5,236.28
236.01,234.96,235.77
235.92,234.85,235.92
239.9,235.91,237.19
240.17,238.81,240.17
241.92,237.91,240.98
246.0,243.26,244.64
248.49,245.4,248.39
248.34,244.97,246.07
248.2,246.66,248.16
253.78,251.01,253.49
252.84,250.36,251.19
251.56,249.85,251.01
248.16,243.2,245.48
248.26,247.21,248.0
244.85,242.1,244.25
249.3,247.0,248.85
250.69,247.97,248.86
248.6,247.75,248.1
247.84,247.04,247.84
248.99,248.11,248.51
248.8,248.0,248.7
249.0,247.8,248.7
247.5,245.12,247.12
246.45,244.15,245.88
245.95,244.48,244.65
243.5,242.66,243.0
242.37,240.6,241.07
241.5,240.53,241.5
244.2,243.36,244.0
244.5,242.6,244.13
244.46,243.59,244.3
242.74,242.42,242.72
243.31,242.35,243.3
244.43,243.98,244.0
244.9,242.65,243.9
242.85,241.06,242.55
243.87,243.0,243.33
244.45,243.55,244.42
244.59,243.46,243.76
246.82,243.11,245.98
246.6,244.46,246.06
246.55,245.91,246.11
247.67,247.18,247.42
247.14,245.86,246.98
245.0,244.33,244.6
244.92,244.16,244.18
244.24,242.67,244.18
244.57,243.0,244.57
244.59,243.0,243.59
243.59,242.85,243.54
243.74,242.48,243.33
243.19,242.48,243.0
241.8,241.0,241.5
240.79,240.03,240.37
240.91,240.26,240.51
240.42,239.18,239.81
242.89,241.14,241.3
241.99,241.35,241.75
242.15,241.1,241.47
242.0,241.54,241.88
241.95,240.9,241.81
241.78,241.38,241.78
241.5,240.0,241.37
241.88,240.79,241.88
241.36,240.18,240.78
241.32,241.18,241.25
243.43,242.26,242.67
243.14,242.45,242.7
243.5,243.45,243.45
244.42,243.65,243.95
246.9,245.9,246.8
248.9,247.99,248.78
252.0,249.91,251.93
251.21,250.4,250.71
249.95,248.62,249.11
250.04,249.26,249.32
251.11,249.52,250.35
249.54,248.65,248.85
249.1,248.04,249.1
250.38,249.18,250.34
249.77,249.15,249.75
252.67,250.71,251.55
255.67,252.5,253.14
254.61,253.4,254.4
256.0,254.22,255.69
257.58,256.51,257.58
268.0,263.1,265.49
264.53,261.78,262.01
265.31,263.0,265.06
262.95,258.75,261.99
263.4,261.9,263.3
264.41,263.22,264.0
260.25,258.59,260.25
256.05,253.81,255.55
257.77,256.62,257.77
258.88,257.26,258.27
258.56,257.07,258.31
260.77,259.13,259.83
258.04,257.49,257.78
255.98,254.93,255.98
255.06,253.45,254.65
255.86,254.4,254.62
254.88,254.41,254.6
256.15,255.84,256.14
255.51,253.12,253.13
253.97,252.47,252.65
255.83,254.59,255.72
256.07,255.0,255.85
256.41,255.51,255.78
256.14,255.2,255.25
255.21,254.49,255.21
255.81,255.24,255.67
257.95,257.34,257.95
258.01,257.11,257.37
261.28,260.0,260.07
261.74,260.64,261.45
260.91,260.01,260.33
260.2,259.84,260.2
261.59,260.13,260.86
274.74,264.76,266.03
271.53,269.22,270.65
269.86,267.54,269.13
269.33,267.63,269.01
272.13,270.03,270.54
276.61,274.51,275.46
276.05,271.32,276.03
274.85,270.6,271.89
270.97,270.04,270.84
267.75,265.73,266.6
268.43,267.12,268.43
266.59,264.41,265.77
267.34,266.51,267.0
266.0,264.17,265.52
266.9,265.87,266.57
265.27,263.01,264.12
268.5,266.39,267.35
273.0,268.0,270.23
271.51,269.0,269.51
268.4,265.99,266.66
268.51,266.11,267.51
268.0,267.31,267.98
270.96,268.6,269.95
271.98,269.0,271.0
270.68,269.33,270.18
270.0,269.5,269.85
269.64,268.64,268.86
270.86,269.41,270.7
290.12,280.17,288.99
287.93,282.0,286.53
286.79,285.0,285.46
287.11,283.92,285.77
286.25,284.34,285.35
292.95,289.97,291.81
290.59,287.63,288.96
298.0,294.58,298.0
295.23,293.13,293.72
293.34,292.01,292.31
298.98,292.52,297.86
300.58,296.99,297.81
305.0,300.0,304.56
312.02,307.5,312.02
311.54,307.99,308.71
309.15,307.97,307.97
310.73,309.49,309.49
308.53,306.67,307.56
285.58,281.0,284.3
287.45,285.0,286.15
289.93,288.18,289.88
294.47,290.02,292.22
293.35,292.03,292.52
291.55,287.42,288.72
289.18,286.91,287.62
291.62,289.04,291.62
292.99,290.5,291.8
291.23,289.15,289.15
291.99,289.97,291.22
289.26,287.62,288.27
292.97,291.6,292.65
292.49,291.65,292.45
291.61,290.96,291.0
291.65,290.66,290.86
290.44,289.41,290.0
288.98,286.84,286.85
284.42,282.95,284.0
284.0,277.21,277.41
277.15,274.92,275.7
280.27,277.99,280.0
279.23,277.87,277.99
278.96,277.13,277.33
277.11,274.46,276.2
277.99,274.55,277.63
278.89,277.77,278.21
279.67,277.83,279.0
280.64,279.26,279.26
279.61,278.72,279.61
283.0,279.88,282.18
280.1,278.08,279.4
277.63,276.87,277.18
277.33,276.78,276.79
277.35,276.67,277.35
277.56,276.92,277.14
277.55,276.61,276.61
277.0,275.96,276.16
276.2,275.18,276.2
276.09,275.18,275.18
275.53,274.62,274.71
278.01,276.23,276.79
277.78,276.78,276.84
278.68,277.75,277.75
278.09,277.35,278.04
278.0,277.33,277.79
280.92,279.61,279.91
280.66,280.0,280.35
281.02,279.37,279.45
279.0,278.2,279.0
279.49,278.94,279.26
279.8,278.83,278.97
277.46,275.0,275.2
276.09,275.5,275.5
277.86,276.65,277.86
276.73,275.77,276.32
277.67,276.72,277.4
276.97,275.79,276.37
278.32,277.31,278.12
277.99,276.31,277.25
277.57,277.13,277.51
278.55,276.35,278.55
276.96,276.12,276.62
277.07,276.0,276.07
276.66,276.0,276.46
277.11,276.59,276.59
287.55,282.92,286.19
285.1,284.14,284.94
288.6,285.49,287.98
289.61,287.91,289.43
287.73,287.0,287.27
290.32,287.57,288.43
289.18,288.01,288.85
292.0,291.1,291.54
288.7,288.22,288.42
288.49,287.57,288.26
289.17,288.97,289.17
288.86,288.28,288.63
289.0,287.71,288.99
293.63,292.22,292.33
292.99,292.01,292.99
292.92,291.5,292.72
294.0,292.22,293.72
292.84,292.48,292.49
288.71,287.4,288.71
288.62,287.5,288.54
288.7,288.32,288.7
297.28,294.82,296.25
297.0,294.67,295.67
296.7,295.29,295.99
295.06,294.0,294.1
293.98,293.29,293.97
295.4,294.87,295.07
294.75,293.51,294.2
294.51,292.56,293.97
293.11,288.36,289.92
290.36,288.0,289.26
290.2,288.94,289.81
290.46,289.24,290.46
291.34,290.6,291.26
289.38,288.37,289.38
289.97,289.28,289.97
289.2,286.82,287.37
287.09,286.66,286.9
288.2,286.66,287.56
287.73,286.6,287.34
288.45,288.23,288.44
287.12,284.0,284.02
283.86,282.2,283.85
285.29,284.0,284.81
284.8,283.48,284.75
285.16,283.83,284.66
284.87,282.35,282.35
283.34,282.02,282.47
281.4,280.0,280.06
279.4,278.43,279.4
280.95,280.19,280.67
280.81,280.19,280.57
278.46,277.33,278.08
279.11,277.02,278.0
278.69,278.03,278.69
281.08,279.94,280.91
280.99,279.74,279.74
282.0,281.01,281.33
282.21,281.45,281.45
280.85,279.87,280.14
284.29,282.3,282.58
285.0,282.84,284.07
284.55,283.7,284.48
283.8,283.5,283.5
283.29,280.98,283.02
283.01,282.33,282.84
283.5,281.01,282.57
284.98,284.02,284.85
285.31,283.74,285.24
285.38,284.51,285.17
285.19,284.53,285.19
284.09,282.93,283.43
282.88,281.01,282.0
283.18,281.07,282.65
283.0,282.3,282.72
282.5,281.87,281.99
281.2,280.04,281.2
280.67,279.28,279.88
280.0,279.0,279.89
279.13,277.49,278.06
278.02,277.04,278.0
278.5,277.42,277.61
277.48,276.2,277.48
275.83,275.0,275.42
278.68,277.18,278.17
279.49,279.11,279.22
279.63,278.52,278.71
279.96,279.32,279.54
279.97,279.3,279.3
279.45,278.01,278.49
278.45,277.57,278.16
276.39,271.5,272.11
271.69,268.52,270.35
269.69,269.31,269.36
262.82,261.01,262.3
262.99,261.54,262.06
263.08,261.45,262.64
265.47,264.78,265.26
265.96,264.56,264.9
263.0,262.52,262.94
265.88,264.99,265.79
266.0,265.05,265.39
266.79,264.13,266.4
265.08,264.49,264.52
264.15,262.86,263.9
265.16,264.35,264.84
264.86,264.11,264.81
266.14,264.72,265.7
266.48,265.01,266.18
266.59,264.83,264.99
265.69,265.21,265.65
266.23,265.44,266.23
271.16,269.35,269.35
270.17,268.56,268.71
268.18,267.14,267.28
267.37,265.71,266.21
268.85,267.9,268.73
270.24,269.05,269.83
267.68,266.47,266.98
266.63,264.62,265.09
263.99,262.89,263.72
263.8,263.18,263.78
265.97,264.3,265.97
265.45,265.14,265.25
264.82,264.49,264.82
264.03,262.52,263.72
266.17,264.6,264.75
266.03,265.01,266.02
266.5,265.7,266.5
266.93,266.47,266.5
266.24,265.4,265.6
266.03,265.6,265.6
265.76,265.14,265.49
265.58,264.86,265.12
265.44,264.98,265.44
264.63,263.23,263.59
261.46,259.18,261.41
261.59,260.63,260.63
257.74,255.19,257.01
259.28,256.0,258.76
257.81,257.03,257.46
255.99,254.01,255.38
256.74,256.11,256.48
257.47,256.03,257.03
258.39,255.7,258.25
256.3,254.63,255.7
257.51,257.0,257.5
258.27,257.01,257.5
256.99,256.2,256.7
256.33,255.52,255.69
256.35,255.5,256.35
255.73,254.34,254.89
254.44,253.89,254.17
252.61,247.0,250.23
234.89,223.01,230.38
232.49,229.37,232.0
236.47,234.25,234.26
233.39,231.19,232.72
234.63,232.01,233.08
232.65,224.27,226.8
229.55,226.4,229.43
234.55,232.55,233.0
233.43,230.61,231.95
236.41,234.65,235.59
234.01,232.37,232.72
236.23,234.56,236.0
235.71,234.54,235.26
235.57,234.7,234.82
236.66,235.41,235.81
234.99,232.51,232.51
234.11,232.0,233.53
234.0,231.77,233.2
233.76,232.63,233.16
234.33,233.63,234.02
232.89,230.68,231.18
230.02,228.43,229.16
227.79,227.03,227.51
228.4,225.79,227.8
231.72,230.59,231.05
232.63,231.71,232.18
230.61,229.07,229.91
231.64,230.6,231.12
230.3,226.86,227.16
228.56,227.34,228.14
228.99,225.17,226.34
228.52,227.38,227.59
223.44,220.13,222.02
222.32,214.0,220.27
218.86,215.67,217.55
217.29,211.37,215.38
211.02,198.5,201.02
210.02,202.7,207.93
216.04,211.99,214.89
214.0,211.44,211.98
223.91,221.66,223.63
228.04,223.78,225.85
225.16,222.38,225.16
223.15,219.77,222.44
228.27,222.0,223.49
231.09,226.04,229.65
229.52,227.5,229.01
227.46,225.7,226.84
227.12,225.25,227.12
224.46,223.17,223.68
227.52,224.79,225.85
227.47,225.1,226.46
227.27,226.51,227.26
227.53,226.75,227.08
225.11,223.0,223.59
225.13,223.17,223.29
227.92,225.15,227.39
227.56,225.64,227.3
235.93,229.38,234.3
233.98,231.23,233.85
231.95,230.65,230.82
232.84,231.67,231.79
232.21,228.58,230.07
231.18,229.25,230.69
229.87,228.3,229.61
229.22,227.32,227.79
230.91,230.3,230.91
231.34,229.45,229.45
230.61,227.68,228.81
230.57,227.81,228.18
227.0,225.04,226.08
228.23,226.97,228.13
229.5,228.15,228.92
228.33,227.47,228.2
226.92,224.39,226.53
230.65,227.73,230.14
231.38,229.67,230.22
231.81,230.0,230.04
231.07,230.25,231.07
229.33,228.15,228.15
228.67,227.51,227.77
228.59,227.08,227.92
228.56,226.48,228.39
227.96,226.51,226.95
227.97,227.5,227.82
227.35,226.13,226.63
228.49,227.77,228.18
229.76,227.0,228.34
229.77,228.51,229.41
229.63,228.47,229.04
229.44,228.87,229.44
228.97,228.28,228.73
228.59,226.72,228.19
228.08,226.74,228.01
228.15,226.71,226.99
227.44,226.75,227.43
227.3,226.71,227.1
228.32,226.33,227.93
229.93,228.26,229.3
229.7,228.54,228.94
230.99,229.73,230.1
231.34,230.47,231.08
230.72,230.19,230.19
230.54,230.02,230.39
231.2,229.23,230.7
234.9,230.84,234.73
237.22,233.92,235.46
234.79,233.87,234.41
235.68,235.02,235.33
241.99,239.38,240.32
239.91,238.3,238.73
241.04,239.95,240.3
241.05,239.68,240.19
241.94,239.11,241.5
241.8,240.28,241.63
241.07,238.44,239.03
240.85,238.72,239.98
241.64,239.76,240.92
241.56,240.18,240.18
240.91,239.58,240.91
240.92,239.98,240.73
242.95,241.27,242.63
244.15,242.64,243.98
245.19,242.6,243.57
243.59,241.41,243.18
243.8,242.69,243.76
244.22,243.67,244.21
244.0,242.82,243.93
241.3,238.29,240.17
239.66,237.01,239.25
239.75,238.53,239.5
240.61,239.5,240.26
238.35,237.52,238.35
239.24,236.75,237.5
238.84,236.01,237.91
239.06,237.86,238.78
241.11,239.22,239.9
239.38,238.7,238.9
238.99,238.31,238.66
240.94,240.04,240.65
240.67,239.76,240.3
240.75,240.0,240.62
239.89,238.68,239.66
240.05,238.66,239.45
240.0,239.11,240.0
239.96,238.84,239.95
239.14,238.6,239.14
239.52,238.18,239.52
239.14,237.28,238.61
234.66,233.68,234.66
236.15,234.38,234.79
235.16,234.18,234.97
234.91,233.18,233.9
232.88,231.23,232.18
232.84,231.35,231.98
230.76,229.05,229.83
231.29,228.5,229.66
229.0,226.2,228.73
228.98,227.25,228.1
228.75,225.92,228.5
231.7,230.16,231.44
231.66,230.51,231.48
230.65,229.36,229.71
231.16,229.51,229.62
230.42,226.78,229.3
230.99,226.5,229.33
230.36,229.54,230.17
229.69,229.09,229.1
230.17,229.54,230.03
230.5,230.0,230.48
230.41,228.7,229.91
227.42,225.2,226.08
228.5,227.5,228.42
227.97,226.84,227.55
228.34,227.41,228.34
229.25,228.46,229.16
228.9,227.86,228.0
229.29,228.63,228.82
232.12,230.51,232.04
234.23,232.51,233.08
232.55,232.17,232.17
234.08,232.01,232.58
233.97,232.82,233.49
233.03,230.83,230.83
234.29,233.55,233.59
233.74,232.5,233.62
233.51,231.96,233.12
232.32,231.96,232.32
232.23,231.63,232.23
232.36,231.26,231.78
231.66,230.31,230.81
231.29,230.23,231.1
230.91,229.89,230.0
230.73,229.81,230.46
231.38,230.0,230.73
231.05,229.76,230.85
231.2,229.48,230.99
230.67,229.11,229.16
230.44,229.0,230.16
229.98,228.5,229.5
227.2,226.19,227.08
227.0,225.48,226.61
227.81,226.93,226.99
227.45,226.9,226.9
226.27,225.01,226.15
228.17,225.8,227.09
225.8,223.12,224.4
231.96,229.3,230.6
230.4,228.77,229.5
230.76,229.49,230.48
230.48,229.13,230.42
231.3,230.27,230.27
230.99,229.65,229.65
229.8,228.13,229.4
230.63,229.8,230.42
231.46,229.54,230.46
229.44,229.11,229.42
231.38,229.58,231.38
232.06,230.37,230.37
231.21,229.94,230.97
233.44,232.24,233.28
235.52,234.34,235.31
234.19,232.0,233.86
234.26,232.56,232.98
237.04,234.4,236.71
237.15,236.03,236.76
236.9,235.29,235.95
236.23,235.15,235.44
235.36,234.54,235.22
235.31,234.34,235.0
234.78,233.41,233.58
234.11,233.09,234.11
234.83,234.04,234.75
234.28,233.57,234.05
234.65,233.81,233.81
234.31,233.47,234.08
234.61,233.47,234.32
233.4,232.2,232.81
233.08,232.1,232.1
233.04,231.73,232.62
232.83,231.58,232.41
237.42,233.61,236.39
236.96,236.0,236.81
237.96,236.2,237.45
239.5,237.79,239.47
238.86,237.76,238.31
239.15,237.61,239.14
238.34,236.72,237.0
239.3,238.23,238.88
237.7,236.0,236.59
237.99,237.14,237.95
237.62,236.37,237.5
237.69,236.54,236.94
237.99,236.9,237.29
237.18,235.1,236.1
236.2,235.22,235.26
237.22,236.5,237.09
237.34,235.98,237.33
236.89,235.43,236.2
237.5,236.42,236.86
236.7,235.28,235.87
237.0,235.34,236.06
239.2,237.0,239.2
239.11,238.03,238.3
238.27,237.08,237.15
238.71,237.35,238.7
238.45,237.62,238.3
237.23,235.0,236.44
237.9,236.64,236.78
237.77,236.61,237.68
237.77,237.3,237.77
238.86,236.91,237.05
237.95,237.4,237.9
238.92,237.77,237.8
239.59,238.48,239.59
239.38,238.6,239.34
239.36,238.5,238.95
239.0,238.45,238.62
239.16,238.29,238.29
238.92,238.33,238.61
239.36,238.32,239.16
239.3,238.35,238.47
238.6,238.19,238.6
238.59,238.09,238.59
238.6,236.81,236.85
238.23,236.36,238.11
239.68,237.37,237.73
239.6,239.19,239.24
240.85,239.63,240.84
241.3,239.52,240.01
241.23,240.26,240.7
241.3,240.34,240.51
248.19,245.87,247.0
246.98,246.15,246.71
247.0,246.27,246.57
247.41,246.28,246.93
246.09,245.5,245.78
244.61,243.68,244.54
245.51,244.55,244.97
245.53,244.71,245.28
243.95,242.32,243.2
244.29,244.03,244.28
244.16,243.48,244.09
244.15,242.84,244.09
244.26,243.61,244.26
244.32,243.01,244.16
243.78,242.81,242.9
243.4,242.76,242.81
244.42,243.0,243.46
243.5,243.0,243.41
244.5,244.0,244.19
244.83,244.5,244.65
244.68,244.0,244.49
245.41,244.24,245.16
245.39,243.49,243.49
244.04,243.07,244.0
244.75,243.43,244.75
245.99,245.09,245.97
245.81,245.03,245.11
246.37,244.92,245.92
245.43,244.73,245.07
245.27,244.76,245.22
245.54,245.05,245.53
248.26,247.37,247.44
248.5,247.22,248.13
247.76,246.93,247.76
247.96,247.01,247.94
247.99,247.14,247.77
246.66,245.52,246.55
247.0,246.02,246.4
246.69,245.52,246.26
245.29,242.82,244.92
245.82,244.36,245.8
247.29,245.64,246.55
250.64,249.35,249.55
250.01,248.95,249.33
249.0,248.53,248.99
250.34,248.84,250.0
250.46,249.35,249.59
250.22,248.42,250.19
251.81,250.41,251.64
255.93,253.51,253.9
254.14,252.71,253.48
254.64,253.13,254.55
254.0,253.34,253.8
254.44,252.21,254.18
256.0,255.0,255.9
255.48,253.87,253.88
254.58,253.6,253.68
255.66,254.02,254.66
256.35,254.78,256.03
259.9,258.0,258.0
261.99,260.97,261.99
265.39,260.55,264.43
261.69,259.73,260.65
265.89,263.65,265.89
270.99,268.11,268.37
271.21,269.04,270.51
273.0,270.0,271.21
271.55,260.8,266.25
269.0,266.41,267.97
270.89,268.2,269.68
269.4,266.67,267.67
268.53,266.77,267.0
264.0,261.51,262.84
263.46,260.21,263.1
262.14,261.26,262.14
263.44,261.51,263.1
261.31,260.0,261.31
263.28,261.2,261.74
266.0,263.34,264.7
264.26,263.28,263.5
264.54,263.28,264.3
265.58,263.99,264.72
266.38,263.43,266.38
266.54,265.0,265.21
269.0,267.76,269.0
272.95,268.88,271.49
269.9,267.89,269.86
272.69,269.4,270.55
271.0,266.01,268.1
266.72,264.0,266.0
268.39,265.53,267.94
269.17,268.04,268.63
268.36,267.86,268.07
269.14,267.59,268.93
269.77,268.14,269.51
276.01,274.34,275.0
276.48,274.0,274.28
274.0,273.0,273.76
274.98,273.71,274.81
276.1,275.21,275.77
279.64,277.7,277.99
277.82,277.11,277.49
277.48,276.55,277.13
278.63,276.77,278.28
277.5,276.26,277.49
280.76,278.38,278.93
280.3,278.61,279.48
280.44,279.3,279.76
281.2,279.94,281.17
280.5,279.13,280.42
280.47,279.17,280.15
287.83,283.56,287.83
292.93,291.12,291.82
293.0,290.92,291.94
295.96,290.69,294.98
295.49,291.93,293.05
288.78,286.0,287.67
285.99,282.75,282.92
283.26,281.71,283.19
284.37,283.16,283.31
286.74,285.3,286.25
285.6,283.87,284.76
286.66,285.09,286.37
292.93,290.24,292.02
291.06,288.69,289.85
291.22,288.72,290.24
300.0,294.5,294.52
297.21,293.22,295.29
297.7,291.0,295.18
303.0,297.94,298.0
302.69,298.01,300.0
304.7,300.0,300.03
307.79,303.93,307.79
300.39,298.39,300.39
304.61,302.26,304.61
307.48,303.61,305.59
306.82,305.65,306.76
310.0,308.92,309.95
315.0,313.0,313.82
315.89,310.3,314.07
317.63,314.0,315.87
325.0,318.91,322.13
333.0,324.2,330.14
329.98,322.91,325.0
323.8,318.98,322.74
330.43,326.66,329.57
327.4,323.15,327.08
333.0,330.51,332.54
328.96,324.9,327.73
328.1,323.66,324.0
326.45,323.06,324.28
314.2,302.99,311.5
312.24,307.66,309.77
310.58,303.01,309.48
316.49,314.67,314.75
321.69,315.04,320.55
317.86,313.74,314.84
315.0,311.15,313.99
329.85,323.2,326.43
326.59,322.0,325.99
328.5,322.62,328.0
332.25,329.64,331.0
340.77,333.78,335.0
343.42,340.0,342.54
364.5,360.05,363.0
369.37,362.63,366.98
372.2,361.98,370.08
387.0,364.39,374.51
396.0,390.01,392.99
417.08,406.82,417.0
405.0,396.25,401.86
434.53,418.03,434.02
440.88,402.57,433.81
459.5,436.93,456.79
495.0,465.05,491.0
479.16,437.0,475.5
439.0,368.11,396.0
438.97,427.11,438.97
398.6,375.08,393.07
401.67,370.57,391.78
405.02,391.8,395.04
408.48,396.45,404.46
409.31,384.09,391.47
376.14,359.55,368.71
369.75,358.16,368.0
370.54,366.01,368.19
377.5,373.41,375.8
393.96,376.87,380.11
379.88,370.0,374.3
381.87,376.25,379.43
389.13,381.31,383.79
392.82,386.01,391.92
391.19,384.01,387.59
390.6,382.69,388.0
388.0,383.5,386.98
390.47,383.37,386.48
388.8,382.1,385.22
384.99,382.05,382.71
382.7,378.79,381.0
383.1,379.0,381.02
375.4,366.18,373.44
369.61,360.54,362.73
370.1,365.05,365.6
372.92,366.87,372.38
384.92,381.26,382.08
378.0,374.96,375.84
379.99,375.64,379.43
376.47,372.73,376.0
379.94,376.27,379.7
378.2,375.04,375.98
373.79,361.1,362.22
359.64,351.38,353.39
352.6,330.14,332.07
335.2,319.7,319.7
314.85,307.07,309.12
327.77,319.0,325.83
325.89,316.58,320.53
313.04,308.07,310.25
312.83,307.82,309.0
316.9,311.62,315.38
325.98,312.99,325.16
344.78,331.21,342.89
334.98,322.12,327.54
327.83,322.91,326.82
328.02,324.53,327.13
342.0,336.65,337.6
341.94,335.74,338.82
332.23,325.91,329.57
336.65,326.92,336.49
332.99,329.5,331.48
334.83,330.59,331.78
335.15,330.31,331.77
338.48,334.7,335.69
336.68,334.03,335.36
332.46,330.4,331.16
333.1,330.63,332.2
334.08,331.77,331.77
334.9,331.91,334.04
331.99,331.6,331.98
334.65,332.28,333.85
333.17,319.7,320.0
324.97,322.74,322.75
324.37,318.64,320.22
318.64,316.08,316.08
320.7,318.01,319.2
320.63,318.5,319.03
320.77,318.01,318.81
331.86,320.62,331.86
332.2,327.01,331.11
350.44,330.94,341.51
336.35,333.65,335.13
333.97,331.9,332.98
338.93,331.3,333.71
335.99,333.16,335.0
336.72,335.11,335.36
337.87,335.26,335.35
336.26,330.5,331.91
333.96,331.83,333.17
336.0,331.83,334.3
334.99,332.15,334.69
337.89,333.53,337.16
335.61,333.67,333.8
335.09,333.33,333.57
336.48,334.3,335.0
329.32,325.9,328.66
328.5,326.72,328.48
329.24,328.0,328.79
322.97,312.0,313.43
317.52,315.43,316.39
321.93,316.52,321.64
324.19,320.79,323.45
322.46,320.16,321.44
321.7,320.4,321.02
320.54,319.11,320.23
326.26,320.43,325.75
328.4,326.01,328.4
327.39,325.54,326.94
326.24,324.53,325.37
324.6,324.1,324.45
326.36,325.31,326.36
326.42,325.22,325.22
326.1,325.35,325.81
323.51,321.01,321.25
322.92,320.47,322.27
325.41,322.91,324.36
323.82,322.84,323.25
322.57,321.58,322.08
322.46,321.65,322.29
324.1,322.77,324.01
324.73,323.44,324.38
324.58,323.33,324.57
322.23,321.15,321.46
321.59,319.68,321.25
321.26,320.42,320.85
323.0,320.74,321.5
321.98,321.07,321.96
321.37,319.5,319.85
320.41,318.28,318.58
318.85,318.0,318.84
319.04,316.85,317.53
325.88,323.82,325.28
325.69,324.56,325.5
329.92,327.29,328.05
333.23,330.23,331.98
334.15,331.39,332.02
342.21,338.65,340.85
359.0,351.0,354.01
348.91,345.5,348.42
351.2,345.9,350.03
355.01,348.89,354.53
352.11,350.95,351.61
364.8,358.39,361.0
359.62,356.92,359.5
359.93,357.69,359.53
360.54,357.89,357.89
356.14,353.9,354.83
359.44,353.5,358.74
356.99,352.9,354.44
354.27,351.0,353.04
354.96,353.04,354.14
356.16,354.38,355.7
357.45,356.04,357.45
356.44,354.93,355.72
357.55,355.83,356.64
363.8,359.52,360.0
363.92,361.53,363.71
367.5,363.86,366.69
377.7,375.16,376.0
377.44,373.82,377.44
383.0,378.0,380.0
378.27,373.19,374.21
375.11,372.16,373.45
377.13,374.88,376.72
378.55,375.15,378.13
378.99,377.41,377.41
367.83,364.56,367.68
363.9,361.18,362.21
361.17,354.56,360.59
363.61,360.5,360.93
354.29,348.64,349.21
354.77,351.78,354.43
355.83,352.0,353.3
353.43,352.0,352.59
362.76,358.08,361.46
361.64,357.95,361.5
360.56,358.61,360.11
368.49,365.61,368.13
363.98,362.1,362.98
362.99,359.69,362.9
363.7,360.02,362.65
362.95,359.43,361.04
362.22,356.01,356.46
358.66,357.82,358.59
360.38,359.1,360.1
360.78,358.74,360.78
362.39,360.01,360.77
363.16,360.46,363.0
369.44,364.49,369.09
372.08,368.43,371.24
373.1,370.64,373.1
378.03,374.19,374.57
379.52,375.28,377.68
378.29,377.17,377.68
393.81,387.0,393.09
399.85,392.04,396.31
397.26,389.35,391.5
389.39,384.31,386.79
395.0,391.0,391.0
396.26,390.88,394.65
389.81,386.41,388.96
390.1,382.6,388.75
392.42,386.22,392.42
399.85,393.35,395.82
396.22,393.0,394.65
394.97,390.24,393.2
394.0,392.52,393.95
394.73,391.0,391.0
396.84,393.45,395.33
397.11,392.89,396.1
396.18,393.77,395.0
396.43,395.47,395.99
416.76,407.17,414.0
421.52,416.9,420.88
421.0,417.69,418.75
421.24,419.19,420.75
413.81,400.0,412.22
416.2,412.24,416.2
419.0,414.06,414.76
413.95,412.78,413.1
414.32,410.0,413.5
414.0,412.5,413.76
416.19,413.22,415.39
417.0,414.03,415.2
417.77,415.13,416.88
423.94,421.63,423.14
434.37,421.16,434.37
440.0,434.19,435.74
437.39,435.0,436.41
454.36,444.06,451.02
454.93,449.48,454.93
466.56,420.03,427.2
428.82,419.97,423.0
436.0,428.0,431.9
430.0,424.0,429.26
428.33,423.71,427.36
436.08,431.0,434.64
434.62,422.03,430.67
437.5,433.01,437.47
437.0,434.11,436.41
440.65,436.92,440.12
441.99,435.86,439.23
434.87,428.42,433.99
436.38,434.75,436.38
439.98,437.83,439.82
445.59,440.54,445.3
448.12,442.18,446.93
444.09,441.74,443.85
448.56,442.94,448.45
452.3,449.21,451.49
455.88,453.1,453.72
455.86,453.12,455.24
463.16,459.44,461.77
460.39,457.21,459.52
464.53,457.6,463.81
454.35,436.89,451.08
458.73,454.98,456.58
461.95,458.4,459.67
459.9,452.23,454.27
456.17,453.83,454.91
455.91,452.89,454.62
453.39,449.77,453.0
456.93,455.0,455.28
458.48,456.31,458.0
457.6,454.28,456.36
455.96,452.98,454.3
457.45,454.34,454.82
456.37,455.67,455.87
466.64,455.0,460.0
460.0,457.51,458.86
460.4,458.88,460.01
463.35,459.45,463.16
464.29,462.28,464.29
463.97,463.02,463.9
464.9,462.79,463.91
465.88,463.85,464.0
462.3,452.03,459.51
460.32,458.63,459.51
462.0,461.3,461.98
459.64,457.83,458.79
460.0,458.06,460.0
458.55,454.04,456.04
453.4,440.32,445.0
445.0,437.81,437.81
442.54,425.52,425.54
441.67,433.73,438.99
439.19,434.14,435.19
445.95,439.19,440.25
439.0,432.63,438.38
437.9,433.75,434.81
439.93,435.53,438.0
439.99,437.87,439.86
442.88,440.01,441.41
441.46,440.5,441.0
438.28,436.28,437.88
437.2,433.07,435.9
437.59,434.43,437.55
438.43,437.27,437.57
439.08,437.02,438.65
441.61,439.55,440.29
440.12,438.24,439.75
445.0,443.56,444.49
444.87,443.01,444.38
455.28,451.0,453.16
458.0,455.14,457.09
457.19,449.94,453.09
457.11,455.7,456.25
454.82,453.5,453.75
457.9,454.86,457.9
458.33,455.74,458.33
456.03,448.0,452.43
452.35,451.2,451.99
454.47,452.96,454.47
455.39,454.02,454.65
457.45,454.83,457.45
448.41,443.62,446.88
445.49,436.0,439.19
426.61,416.0,426.2
423.48,413.13,414.0
423.01,420.39,421.4
418.39,410.51,412.25
420.04,414.49,417.14
420.2,415.22,415.95
425.23,417.42,418.34
420.97,417.13,419.0
422.0,419.27,421.3
427.88,421.37,427.17
428.47,425.32,427.54
429.0,425.6,427.53
427.0,422.62,424.88
424.5,422.29,422.96
421.24,417.01,418.88
423.39,420.81,423.06
423.72,421.77,422.51
423.16,418.55,420.67
424.05,422.06,424.0
430.0,427.72,429.02
429.98,426.53,428.37
433.8,431.0,432.6
433.96,430.37,431.69
433.81,430.5,431.98
434.0,425.02,425.3
428.26,425.0,426.26
428.25,425.71,426.17
427.0,424.48,424.58
425.99,424.42,425.98
422.83,421.0,421.02
427.5,425.04,426.96
431.99,423.24,431.07
431.9,430.0,431.88
432.58,429.82,431.02
435.72,432.55,435.11
434.19,431.0,434.08
433.82,431.87,432.09
434.98,431.7,433.41
433.95,432.31,433.0
435.99,433.88,434.37
434.81,432.45,433.88
433.37,431.65,432.35
432.94,430.42,432.59
434.0,432.03,432.68
434.15,432.0,434.15
433.85,432.73,432.84
432.87,429.56,430.48
430.5,430.0,430.5
431.22,430.01,430.95
428.08,424.32,427.83
426.5,424.18,425.9
431.85,428.58,428.58
431.92,430.05,431.28
432.16,431.14,432.07
432.58,431.02,431.94
434.22,432.53,434.02
435.86,432.2,434.53
434.86,432.68,434.69
434.76,433.7,434.63
433.12,432.12,433.1
432.02,429.5,430.39
433.22,431.1,432.13
432.31,431.31,432.28
432.45,430.41,432.2
428.91,426.64,428.63
432.67,429.24,430.75
431.25,430.09,431.15
431.48,430.0,430.61
431.26,430.0,431.26
431.62,429.92,431.5
442.17,439.04,440.11
451.02,443.12,448.3
455.47,449.23,454.71
454.92,451.65,453.01
455.75,453.47,454.99
461.19,456.0,460.69
457.19,454.45,455.79
455.05,450.0,454.43
456.3,454.51,455.2
455.29,452.6,452.62
451.37,450.36,451.35
453.81,452.0,453.45
452.21,446.68,449.48
451.21,449.85,450.31
450.21,447.5,449.3
450.45,449.06,450.45
452.99,450.0,450.0
449.89,444.11,446.13
445.9,444.41,445.0
446.39,445.31,445.71
443.14,441.13,442.89
444.0,441.37,443.94
448.0,444.97,444.97
448.79,446.56,448.79
451.13,449.63,450.54
444.21,438.0,443.66
445.0,442.69,444.65
445.8,443.62,445.8
447.96,446.0,447.27
449.0,447.24,448.0
447.07,445.04,446.95
446.65,442.88,445.77
446.0,443.4,444.81
446.34,444.75,446.26
447.14,445.71,447.13
446.97,434.35,434.85
434.0,429.04,432.0
433.05,431.11,431.53
429.76,426.92,429.18
430.25,427.94,429.82
429.85,427.72,429.85
433.04,431.0,432.64
434.0,429.96,430.97
429.92,427.16,429.62
429.86,427.07,429.74
431.25,430.0,430.95
432.1,431.02,431.95
429.89,428.01,429.55
423.95,415.04,416.85
415.65,407.16,408.43
409.98,400.76,402.79
394.58,385.98,393.14
392.15,386.7,390.47
379.42,360.0,360.0
375.18,369.92,372.04
367.43,355.39,356.56
371.37,360.01,369.41
373.51,367.5,370.6
384.8,373.68,381.94
392.07,382.03,386.91
387.96,381.47,382.6
383.15,376.01,379.0
382.11,376.0,380.52
385.13,382.53,385.13
387.75,384.76,384.99
386.76,376.0,380.16
382.0,379.92,380.78
378.51,373.63,375.25
383.08,376.09,381.6
386.67,382.75,386.09
385.7,381.85,382.82
386.35,383.79,385.49
383.45,381.72,383.36
385.59,383.07,384.48
385.57,383.77,384.96
385.2,381.39,383.12
380.01,375.59,378.0
380.48,376.7,376.76
376.5,372.53,376.5
376.8,373.35,375.05
378.76,375.0,377.75
415.0,403.52,411.64
411.0,405.97,409.31
422.98,410.3,416.32
419.43,415.55,416.6
415.66,411.89,413.0
416.68,412.38,413.47
416.43,414.21,415.02
410.12,407.0,409.49
412.14,407.0,409.59
408.36,401.09,403.35
399.57,393.7,394.0
397.44,388.32,391.05
395.76,394.0,395.66
385.13,380.02,381.45
384.36,377.0,382.55
389.39,385.71,388.24
390.7,387.12,390.7
392.28,388.36,388.36
386.0,381.94,386.0
390.02,387.14,389.54
389.55,382.88,386.4
389.21,388.0,388.0
389.09,386.33,388.52
399.57,398.15,398.77
401.33,399.13,400.2
404.72,400.7,404.39
403.85,402.16,402.16
398.61,396.42,397.78
399.8,396.53,398.87
401.02,392.17,396.45
399.05,393.0,396.75
390.98,388.71,390.83
393.32,390.08,390.9
392.55,390.5,390.5
392.72,390.69,392.0
395.2,393.83,393.85
392.47,390.02,392.0
393.5,392.0,393.5
395.98,386.2,391.77
392.63,391.27,392.43
396.53,394.13,395.02
394.77,393.25,394.74
394.9,393.14,394.0
394.75,393.11,394.73
395.0,394.15,394.95
382.0,376.0,380.75
381.37,377.24,380.89
382.96,380.81,382.66
383.47,382.17,383.31
383.29,381.52,383.15
380.0,378.21,379.75
370.17,363.73,367.79
377.53,373.06,373.77
382.21,378.98,381.05
379.69,377.84,378.99
378.48,375.38,376.3
380.0,377.3,378.22
379.09,375.55,376.43
380.36,377.85,378.48
378.83,376.97,378.19
378.83,375.78,378.83
377.74,374.78,376.45
376.63,374.11,375.64
378.73,376.31,377.97
379.0,377.5,378.81
378.54,377.0,377.33
377.5,375.43,377.46
377.9,375.14,376.27
375.66,364.7,368.49
372.5,368.8,372.43
373.4,372.59,373.4
377.2,374.11,375.01
375.39,372.45,374.47
372.49,369.45,371.51
372.0,370.64,371.81
373.12,372.15,372.26
373.33,372.34,373.23
372.59,369.73,372.13
375.0,373.1,374.8
373.74,372.52,372.74
373.49,372.56,373.05
373.28,369.16,372.99
373.26,372.47,373.26
372.15,370.42,370.42
371.0,367.82,370.37
370.62,368.88,370.48
368.52,366.72,368.38
370.6,369.76,370.07
372.48,371.79,372.0
373.8,371.67,373.8
385.47,382.31,385.17
387.0,383.42,385.87
390.5,386.86,387.82
387.33,385.2,387.33
386.41,384.71,385.27
388.94,386.79,388.89
388.64,387.44,388.5
387.31,384.71,386.66
385.9,383.8,385.0
380.52,376.24,377.66
375.31,372.22,375.31
376.28,375.51,375.7
377.35,374.0,374.44
376.0,374.33,374.79
376.0,374.01,375.39
377.33,374.93,377.08
375.85,374.47,374.98
378.1,375.61,377.59
378.29,375.52,375.52
374.67,373.43,374.48
375.47,374.57,375.0
376.99,375.8,376.48
378.85,377.26,378.85
378.81,376.88,378.0
375.79,374.25,375.78
375.3,370.7,371.2
371.57,369.99,370.91
372.65,371.01,372.6
372.06,371.0,371.28
374.0,372.61,373.26
375.41,373.21,374.62
374.19,373.25,373.43
374.99,372.11,373.2
374.19,372.33,373.26
376.79,375.17,375.96
378.0,376.67,378.0
383.0,381.72,382.67
379.8,377.19,379.75
381.3,377.82,379.18
380.5,378.8,380.0
379.48,378.39,379.4
379.5,378.48,378.5
379.9,377.1,377.96
377.0,375.02,375.97
377.1,374.54,377.0
379.0,377.07,378.95
379.8,379.0,379.34
381.5,379.8,380.94
382.98,381.38,381.38
382.2,381.32,382.0
382.7,381.72,382.66
384.88,384.52,384.62
388.72,386.85,388.51
389.0,386.4,389.0
388.9,386.62,387.37
389.75,388.18,389.6
390.08,388.61,388.94
397.7,393.4,395.42
396.27,393.85,396.27
401.21,398.51,401.21
401.2,396.6,399.88
402.4,399.51,399.8
404.0,399.62,403.52
405.0,402.7,404.71
405.66,401.47,404.66
403.5,396.0,398.87
404.0,402.35,403.12
402.98,399.48,401.91
398.77,395.07,397.99
400.1,398.36,398.75
399.87,396.0,399.87
402.0,400.03,400.44
406.0,403.25,405.99
407.68,404.0,406.34
406.64,404.87,406.48
407.03,405.68,406.8
410.88,406.0,410.72
415.05,413.29,414.27
420.0,416.13,419.43
421.11,417.29,420.9
419.68,417.76,417.94
418.46,416.54,417.7
420.4,417.97,419.53
424.9,423.22,423.88
421.06,417.42,420.0
419.49,417.75,418.0
421.78,419.99,421.5
422.0,420.5,420.96
420.52,416.24,418.45
418.8,416.88,417.4
421.71,419.85,421.43
418.61,417.01,417.38
419.94,418.02,418.26
421.06,420.29,420.9
422.94,422.04,422.94
429.2,427.15,428.69
433.0,429.14,430.95
443.96,436.95,443.4
438.5,436.12,437.98
439.0,434.01,438.39
439.89,437.75,439.5
445.99,443.59,445.76
433.84,426.0,430.68
434.73,432.64,434.46
438.89,436.94,437.72
435.0,431.15,433.74
436.2,432.17,435.55
436.84,435.0,436.34
439.0,436.2,437.99
438.5,437.2,438.5
438.46,435.23,436.68
440.0,437.82,439.45
437.9,430.94,435.71
425.03,421.53,424.89
423.0,421.18,423.0
419.8,414.0,416.46
421.54,417.42,420.93
424.0,416.7,419.98
414.57,411.07,412.57
417.95,416.11,417.05
423.29,418.65,423.29
423.73,420.6,422.69
423.9,422.21,423.68
426.47,423.61,425.91
420.0,417.14,419.96
423.8,421.0,423.42
423.4,418.71,423.4
422.63,419.77,422.18
423.49,422.53,423.0
422.51,419.56,420.72
422.33,420.86,422.06
424.9,423.11,424.0
424.5,422.83,424.34
424.5,422.83,424.45
428.38,424.05,427.3
434.01,432.04,433.79
434.01,432.19,433.9
430.78,428.55,429.01
431.69,430.67,431.47
432.0,430.94,431.99
431.9,430.99,431.06
425.57,422.3,425.44
425.56,424.58,425.56
425.43,424.0,425.29
435.0,427.26,433.02
433.47,431.12,432.35
432.25,428.33,431.84
437.84,434.2,437.83
436.95,430.0,436.73
439.5,436.7,439.0
439.67,435.2,437.8
436.78,434.31,435.9
437.0,432.5,435.95
436.98,434.25,436.05
435.79,432.06,434.18
435.8,433.08,435.61
435.01,433.13,433.9
432.72,430.22,431.78
432.35,430.0,431.85
434.06,432.25,433.93
433.62,430.35,432.05
433.4,431.64,432.3
430.03,427.5,429.82
429.99,429.1,429.37
428.11,424.11,426.0
423.82,420.26,423.65
418.88,417.51,418.04
423.62,420.16,423.4
423.7,421.09,421.9
421.67,419.71,420.68
420.91,419.6,420.33
422.98,421.19,421.71
423.9,421.54,422.46
420.0,418.5,419.98
420.22,419.15,419.5
418.02,416.15,417.5
413.22,407.55,408.0
407.53,402.0,407.47
408.93,406.08,406.83
406.6,403.85,405.57
404.0,382.0,394.36
401.45,397.73,398.5
403.0,400.39,402.42
397.0,394.04,397.0
400.73,399.0,399.0
408.56,405.01,408.56
408.93,406.09,408.0
408.99,407.46,408.51
408.89,406.27,408.76
406.52,403.2,406.52
407.43,405.24,406.68
408.9,406.5,408.49
411.6,408.27,408.34
412.5,410.38,412.49
414.96,412.21,413.98
414.55,412.83,412.83
414.18,413.0,413.25
410.84,409.19,410.5
411.18,408.93,411.18
412.96,410.01,410.83
412.5,410.85,412.0
411.1,410.14,411.1
410.97,409.7,410.34
411.8,409.95,411.8
411.3,410.23,410.81
413.49,412.04,412.99
412.75,410.53,412.55
412.49,410.91,411.62
412.5,411.0,412.5
413.0,409.31,411.0
415.99,412.97,415.98
416.49,415.92,415.99
416.88,415.59,416.56
417.0,415.52,416.76
420.0,417.34,419.79
421.91,420.0,421.64
420.28,418.56,419.48
421.55,419.03,420.95
419.77,418.07,418.84
420.93,419.25,419.95
415.23,410.13,414.98
415.63,413.29,415.57
415.15,413.32,414.01
410.8,408.0,410.77
410.77,409.01,409.6
412.47,410.7,411.29
413.49,411.65,412.54
414.39,412.18,413.92
415.5,414.24,414.24
413.98,412.05,413.0
413.93,412.09,412.25
413.1,412.17,413.1
414.87,413.78,414.87
413.5,412.39,413.5
414.99,413.2,413.55
413.99,412.72,412.74
414.0,412.82,414.0
415.4,414.62,415.39
416.59,414.37,416.4
416.0,414.14,415.24
417.0,415.9,415.9
415.75,414.75,415.43
416.0,415.01,415.87
415.9,414.64,415.17
415.69,414.12,414.23
414.7,413.52,414.65
416.33,414.5,416.3
415.69,414.2,415.69
416.5,414.5,415.69
416.94,416.18,416.68
417.11,416.49,416.49
419.0,417.08,418.98
418.7,417.5,418.49
419.0,417.5,418.87
419.0,417.1,418.5
418.43,417.13,418.38
417.68,414.0,415.48
414.5,413.5,414.5
414.89,413.09,414.1
408.97,406.2,407.08
407.9,404.1,406.48
407.4,405.53,407.4
407.66,405.81,407.66
409.14,407.22,408.51
409.95,406.26,407.98
406.42,405.06,405.62
407.0,405.08,406.0
412.0,407.89,409.86
410.2,408.7,409.1
409.04,408.0,408.17
410.72,408.54,408.98
410.95,409.9,410.78
411.0,409.49,410.92
410.19,408.4,408.52
408.2,406.82,408.0
408.71,406.51,408.68
409.77,407.8,409.64
410.56,408.0,409.94
410.99,409.9,410.69
411.0,410.55,411.0
416.0,414.8,416.0
415.98,415.0,415.98
415.25,414.41,414.99
416.07,413.75,414.89
416.6,414.96,415.76
416.99,415.81,416.99
416.8,415.13,415.85
417.21,415.65,417.21
416.73,414.32,415.81
417.8,416.31,417.79
419.0,417.0,417.7
417.5,416.6,417.01
417.5,416.24,416.68
415.1,412.85,414.44
417.0,415.84,416.98
416.87,415.51,416.66
416.68,415.6,416.28
414.8,413.07,414.43
415.95,414.13,415.24
415.3,414.55,415.3
416.35,414.12,415.8
416.58,414.87,415.87
416.51,415.18,415.5
416.99,416.46,416.91
416.98,415.71,416.7
416.38,415.1,415.3
415.45,414.9,414.91
416.01,414.78,415.49
416.11,415.52,416.11
416.76,415.82,416.63
416.98,415.84,415.91
416.99,415.84,416.98
417.0,416.4,416.55
427.99,423.2,426.58
425.0,424.0,425.0
424.66,423.38,424.5
424.77,423.02,424.4
423.76,421.91,423.5
423.47,422.2,423.4
422.99,421.2,422.48
422.48,420.32,422.28
423.96,422.68,423.33
422.65,420.5,420.73
422.49,420.2,420.85
415.48,411.65,415.11
414.39,412.25,414.33
415.19,413.67,413.94
414.21,413.12,414.2
415.0,413.87,414.25
413.1,411.93,412.2
414.5,409.12,410.6
413.03,410.08,411.49
414.48,412.9,414.06
415.99,414.14,415.83
415.6,414.02,414.67
415.62,414.0,414.46
415.5,411.4,414.99
416.87,415.76,416.73
416.99,414.95,415.46
415.96,414.4,415.7
415.85,414.38,414.85
415.34,413.42,415.34
416.47,415.35,416.15
416.47,415.1,415.5
416.55,414.75,415.05
420.0,418.33,419.75
419.82,417.51,418.83
419.63,417.3,418.45
419.47,417.9,418.22
418.95,417.2,418.95
419.38,417.76,418.82
419.19,417.73,418.13
417.89,417.15,417.79
417.87,416.98,416.98
418.74,417.3,418.61
418.7,417.02,418.7
418.64,416.94,418.28
419.25,417.7,418.13
419.4,417.33,419.34
418.97,417.0,418.0
418.08,416.2,417.64
418.99,418.02,418.41
419.47,418.25,419.04
419.4,418.21,419.35
422.0,421.5,421.5
421.83,420.3,420.7
422.56,421.5,422.19
422.5,421.07,421.89
421.99,420.66,421.97
422.9,421.47,422.68
422.83,421.15,421.6
422.05,420.52,421.78
422.0,420.77,422.0
421.99,420.11,421.06
421.74,421.02,421.69
421.69,420.3,421.41
420.55,418.6,418.8
421.49,419.97,420.41
420.5,419.35,420.11
421.99,421.13,421.98
421.49,420.21,421.33
420.0,419.1,420.0
421.4,420.04,421.25
423.0,421.13,422.07
423.99,421.88,422.43
423.15,422.28,422.98
419.04,416.58,419.04
417.37,413.0,414.53
415.85,415.01,415.69
416.6,415.29,416.02
418.32,417.22,417.69
418.14,417.37,417.87
418.2,417.07,417.91
418.59,417.76,418.28
418.33,417.62,418.08
418.29,417.2,417.94
420.95,420.0,420.48
421.62,420.58,421.04
421.41,420.38,420.55
421.09,419.72,420.14
420.0,419.6,419.96
420.14,418.07,419.19
420.99,420.01,420.38
421.46,419.52,420.73
422.27,421.0,421.02
423.05,422.17,422.67
425.47,423.0,424.9
424.38,423.16,423.86
425.67,424.51,425.47
426.29,425.64,425.85
424.97,424.0,424.33
425.84,424.34,425.84
425.98,424.59,425.0
424.7,424.0,424.26
425.28,423.0,424.35
424.48,423.41,424.33
424.96,423.82,424.5
424.84,423.03,424.52
424.98,422.96,423.72
423.08,421.56,421.85
424.71,423.35,424.1
425.0,423.71,424.36
425.35,424.55,424.59
425.0,423.99,424.9
425.56,424.46,424.99
425.28,423.84,424.88
430.0,428.16,428.22
429.28,426.76,426.76
429.48,428.3,428.63
429.44,428.64,428.8
429.49,428.0,429.48
432.87,430.38,430.72
431.04,428.02,429.37
430.2,381.5,429.98
430.71,428.39,430.71
430.69,429.42,430.52
429.81,427.0,428.08
429.79,427.27,429.6
428.98,427.9,428.15
427.82,377.87,426.32
427.23,425.3,427.23
427.99,426.45,426.74
428.54,427.12,428.54
429.98,428.1,428.1
427.14,425.96,426.33
428.38,426.0,426.94
427.83,426.55,427.58
428.14,426.94,427.23
427.89,426.24,427.4
428.85,428.0,428.0
430.64,429.2,429.22
430.28,428.32,429.21
432.28,429.71,432.28
437.11,435.28,437.0
436.54,435.01,436.51
438.9,435.81,436.94
437.62,436.76,437.22
442.01,438.58,442.01
443.44,440.8,442.06
441.99,440.0,441.0
443.6,442.34,442.98
442.61,440.66,442.61
443.71,442.02,443.13
445.0,443.62,445.0
452.11,449.78,450.68
451.36,449.48,450.2
447.1,445.49,446.0
448.0,446.28,447.12
447.73,446.45,446.85
448.78,446.81,447.5
449.71,447.44,448.0
449.1,447.09,447.84
447.46,445.37,445.79
446.79,445.4,446.44
448.49,446.92,448.39
449.0,447.49,448.0
448.8,446.04,447.44
456.0,450.33,453.65
455.73,454.35,454.51
456.33,451.84,455.0
453.0,451.0,451.49
452.0,450.25,450.88
465.06,460.1,462.0
460.91,459.01,459.38
459.44,457.2,459.44
459.89,457.42,459.89
459.84,456.1,458.27
462.1,459.46,462.01
466.99,462.63,466.98
467.0,462.27,465.76
466.08,463.0,463.27
466.95,463.81,464.0
464.91,462.91,463.29
468.06,464.83,467.38
469.32,468.02,468.76
469.03,466.57,466.61
466.79,464.86,465.65
467.61,464.14,464.86
464.1,448.3,455.04
457.38,455.04,456.34
453.65,452.56,453.62
446.22,435.0,435.0
440.98,436.13,440.8
446.95,443.79,444.73
448.51,445.42,448.02
451.0,448.02,448.5
449.91,448.16,449.91
450.0,448.43,448.8
447.36,445.62,447.36
449.93,448.42,449.4
451.8,450.2,451.8
452.59,450.93,452.59
456.0,454.17,454.54
456.9,454.33,455.66
454.92,452.37,453.61
454.34,453.3,453.57
453.79,450.55,452.81
453.74,451.12,451.76
451.38,448.94,450.01
449.12,447.37,447.95
448.98,447.57,448.98
450.5,449.61,449.81
453.52,451.11,453.25
453.29,451.49,452.47
453.0,451.08,452.97
453.8,451.53,451.53
452.1,451.67,451.69
448.93,442.03,442.62
445.5,440.79,444.83
443.6,440.7,441.99
445.99,441.2,445.95
445.08,442.09,443.55
443.74,442.16,443.61
448.91,445.98,447.95
450.19,448.0,449.05
449.39,447.15,449.37
451.58,449.84,450.92
451.68,450.16,451.68
449.5,448.96,449.43
450.72,448.2,449.89
445.69,444.16,445.04
447.0,446.07,446.56
447.4,445.35,447.07
448.32,446.62,447.88
448.0,446.4,447.18
447.96,446.12,447.73
446.88,445.36,446.86
447.7,446.38,447.6
449.72,447.45,448.63
449.28,448.2,448.52
448.25,447.06,447.36
451.73,450.07,450.07
451.53,450.09,451.48
453.94,452.57,452.81
463.22,455.98,462.02
460.0,458.0,458.06
458.64,457.03,457.9
459.39,456.9,459.36
459.89,458.02,458.02
459.36,457.01,459.15
460.37,458.62,459.3
458.97,457.02,457.19
459.65,458.08,459.65
458.12,456.0,456.02
457.3,455.95,456.54
459.59,457.44,457.92
459.4,457.43,457.58
458.32,457.0,458.05
457.72,456.6,456.6
457.04,455.95,456.0
458.67,456.04,458.5
464.79,461.49,462.48
462.37,460.81,461.3
462.06,460.01,460.49
461.01,459.91,460.79
460.92,458.66,459.0
454.5,452.02,453.19
453.31,451.01,452.8
456.58,453.09,455.19
453.99,450.32,452.45
453.89,452.51,453.11
455.07,453.07,454.06
454.31,452.59,453.46
453.91,452.7,452.7
453.69,452.42,452.42
453.0,452.28,453.0
452.05,450.68,450.88
451.27,449.93,450.97
452.38,451.5,452.1
452.51,450.15,450.92
453.0,451.52,452.97
455.55,454.07,455.11
454.25,452.76,453.85
453.68,452.27,452.91
455.7,453.91,455.48
455.0,454.01,454.53
456.65,455.26,455.75
456.82,455.29,455.91
456.89,455.43,456.0
456.15,454.78,456.07
455.54,454.5,455.39
456.9,455.06,455.4
456.99,455.9,456.47
456.34,455.28,455.57
456.21,455.28,455.31
456.0,455.1,455.66
456.21,455.35,456.13
456.4,454.92,456.07
458.08,457.06,457.42
457.94,456.43,457.56
457.94,456.89,457.0
457.78,455.16,457.39
457.98,456.6,457.74
458.0,456.0,457.5
456.96,451.11,453.59
455.65,454.0,454.0
454.39,453.08,454.39
454.25,453.0,453.49
454.18,453.02,453.11
454.42,452.82,453.81
453.82,452.44,453.42
453.19,452.0,453.08
454.19,452.46,454.17
454.85,453.59,454.82
454.85,453.47,454.71
455.68,454.42,455.4
454.86,453.7,454.02
453.85,452.0,452.92
453.65,452.39,453.5
453.21,452.1,452.52
449.25,448.18,448.71
449.98,447.12,448.22
448.35,441.94,441.94
441.96,435.03,436.3
440.71,438.33,439.46
443.56,441.18,443.33
443.64,442.42,443.64
444.17,442.0,442.4
441.75,440.01,441.35
442.72,440.75,442.72
442.64,442.63,442.64
441.48,439.98,440.26
443.39,441.79,442.6
443.44,442.3,442.94
443.36,442.36,443.21
443.89,442.65,443.31
442.9,442.05,442.12
442.15,440.81,441.79
443.03,441.42,441.99
442.37,439.9,442.0
439.45,437.5,438.82
438.82,436.27,438.8
439.0,437.24,439.0
440.67,439.7,440.28
441.8,440.62,441.0
441.99,441.09,441.94
442.5,441.0,442.03
442.99,441.68,442.99
443.43,441.0,442.96
444.5,443.27,444.45
446.37,444.45,445.8
446.21,445.0,446.15
445.7,445.31,445.7
445.31,443.97,443.97
445.8,444.94,445.8
446.21,445.62,446.21
449.6,446.23,448.04
448.23,446.2,447.69
448.41,447.22,448.21
449.2,448.0,448.7
448.26,446.8,448.11
448.3,447.69,447.69
451.0,450.04,450.7
452.0,450.6,452.0
452.5,451.09,452.33
452.49,451.78,452.07
467.0,462.32,465.59
478.16,471.14,476.11
476.09,472.0,473.0
475.0,471.5,472.01
474.9,471.91,473.96
472.83,468.98,472.05
485.0,474.18,483.96
497.98,491.9,492.61
496.52,490.0,490.17
494.7,490.4,493.09
494.87,491.46,493.0
527.16,513.71,519.41
521.99,504.04,515.0
511.54,505.16,510.5
524.49,505.58,520.0
520.0,515.0,517.0
540.0,530.19,536.95
518.0,506.51,517.84
524.59,510.31,524.21
535.0,517.01,530.33
535.0,527.14,528.21
526.94,520.24,522.24
533.97,529.0,532.89
527.98,524.25,527.64
531.8,527.32,531.0
539.7,525.91,537.49
546.0,538.17,542.99
538.01,526.39,528.25
532.65,520.26,522.72
534.78,530.0,531.84
529.68,525.49,528.54
533.98,531.71,533.5
535.0,532.45,534.3
539.96,535.94,537.39
536.89,532.68,533.76
539.47,535.09,536.95
538.99,536.79,538.87
539.5,536.11,536.66
537.4,535.21,536.99
535.99,532.37,535.99
536.77,532.15,534.01
539.99,536.81,538.0
538.8,535.74,536.91
538.8,536.2,538.8
553.7,549.14,552.81
564.86,562.58,564.35
572.4,568.0,569.79
570.0,567.1,569.94
572.48,569.7,569.72
585.26,580.5,581.33
579.08,560.65,568.48
575.93,572.17,575.87
572.51,566.58,570.41
574.36,572.02,573.8
575.94,573.92,575.13
575.41,571.0,572.17
574.48,571.67,574.17
572.0,567.04,570.0
574.02,570.07,572.02
574.52,570.59,573.91
580.0,575.32,579.33
585.0,580.03,584.5
582.94,579.01,580.41
583.5,580.0,583.5
584.6,579.26,583.99
584.5,582.57,584.5
589.83,584.01,585.0
585.34,582.82,585.34
590.49,585.23,586.88
579.0,574.11,575.16
576.84,570.97,573.62
578.08,575.47,577.54
575.46,573.28,575.0
575.96,573.02,575.05
582.11,579.52,582.0
578.81,573.0,575.71
582.18,578.0,580.21
583.81,582.1,583.03
581.25,578.21,580.6
583.0,578.83,582.98
581.0,579.61,580.09
576.55,575.03,575.29
576.85,574.65,576.8
576.5,574.32,575.01
575.06,572.0,574.4
575.5,572.0,574.7
578.84,574.52,575.03
577.0,573.51,575.73
578.0,575.5,577.9
578.27,576.22,578.01
585.56,581.98,582.01
583.75,581.6,581.9
584.58,580.73,583.12
584.08,581.61,581.76
583.96,581.71,583.7
611.0,585.51,610.0
632.0,616.99,631.17
628.5,626.0,626.02
647.77,633.26,641.21
648.78,642.81,645.37
648.82,641.63,646.89
683.02,660.16,672.13
677.0,668.44,674.29
694.44,668.37,679.0
690.0,683.38,689.83
725.0,697.45,718.21
694.2,687.0,689.8
707.02,698.0,701.56
695.99,682.02,695.89
689.75,683.0,686.0
692.1,690.0,690.52
690.45,680.01,682.27
685.6,680.3,682.0
688.79,683.0,684.7
684.49,677.31,682.75
681.01,676.94,678.0
675.62,672.12,675.02
690.45,682.22,686.31
695.0,690.97,694.92
695.0,691.53,693.35
729.0,719.57,724.0
736.0,726.01,731.16
741.37,737.0,739.56
741.72,734.27,739.17
760.0,742.74,758.98
773.07,765.77,772.0
778.7,767.84,772.54
738.56,706.37,721.0
737.0,731.19,736.81
751.41,740.38,744.94
754.68,746.51,752.82
745.39,735.15,744.0
736.93,730.29,736.35
745.57,740.63,745.27
752.9,746.04,752.0
750.0,743.47,749.55
773.11,767.0,768.37
754.87,746.77,754.35
754.05,749.19,750.0
751.0,746.59,749.9
751.04,746.11,751.04
763.5,750.77,762.72
762.5,756.0,759.55
764.0,757.01,761.46
757.45,750.4,757.45
759.0,754.0,758.81
759.38,735.0,754.0
749.62,735.0,735.0
741.32,737.7,739.3
736.84,725.0,732.01
701.19,678.91,683.76
714.26,705.1,712.8
708.1,694.14,697.9
674.0,648.6,669.33
666.03,632.0,653.36
659.78,645.92,654.64
669.85,665.17,667.88
665.94,661.32,661.33
673.05,665.02,667.38
668.35,659.95,666.19
630.0,608.03,625.0
617.0,595.0,599.71
594.46,550.13,582.5
587.37,564.41,584.98
594.0,585.54,589.94
585.2,566.51,573.0
632.67,607.32,621.15
625.0,617.0,625.0
654.01,632.05,646.0
676.0,645.99,651.09
664.0,653.72,662.87
670.0,652.02,654.25
657.02,642.46,655.58
662.31,653.08,658.57
684.44,673.29,678.33
673.62,661.63,669.65
677.96,673.15,674.92
679.93,672.72,675.49
657.69,649.0,651.76
667.49,658.23,667.48
658.99,652.17,654.76
652.21,641.78,651.19
650.32,645.0,647.81
628.99,620.0,626.72
631.95,623.18,626.5
628.63,624.5,625.87
649.0,641.82,642.55
648.86,643.0,645.7
647.0,632.85,639.08
633.24,622.0,630.8
639.97,635.78,636.5
653.46,645.01,647.28
660.05,653.59,656.01
650.93,646.63,648.27
650.91,646.56,649.99
647.9,635.5,641.53
648.23,643.97,647.0
649.14,642.15,646.68
633.74,621.09,630.99
634.77,630.0,630.0
633.0,627.0,630.8
635.52,628.54,629.0
636.52,631.0,632.18
635.0,632.0,635.0
633.52,628.5,632.52
635.27,632.0,634.02
652.0,645.34,647.87
667.85,661.77,662.24
671.22,665.95,665.95
668.0,663.99,667.0
677.96,668.0,675.12
684.09,677.64,678.99
679.99,671.27,679.62
678.76,664.79,669.6
680.39,671.65,672.9
679.19,673.63,679.19
679.1,676.0,678.03
677.95,676.7,677.48
697.0,689.01,693.59
701.76,687.49,690.25
696.95,693.04,696.95
704.76,695.72,700.07
702.98,684.8,689.73
692.85,688.93,689.0
680.69,668.0,679.91
679.28,661.03,661.03
661.5,657.24,658.67
664.01,659.93,662.69
668.21,660.99,668.2
674.41,667.64,673.17
669.87,664.83,667.34
682.35,675.39,677.56
671.94,667.14,671.94
679.1,674.89,678.65
678.91,675.56,678.45
677.25,674.11,677.25
673.54,669.41,669.44
673.25,661.57,662.24
672.0,669.55,671.62
671.09,665.01,668.81
677.9,674.84,677.9
676.6,673.0,674.78
672.22,666.72,669.58
673.0,669.28,673.0
676.0,674.32,675.0
675.98,674.35,674.68
678.31,675.17,675.85
644.8,632.0,640.01
645.47,639.13,643.09
642.0,636.36,639.81
623.0,615.18,620.31
641.27,626.0,635.74
644.37,638.84,642.49
642.0,637.86,638.21
641.52,638.25,639.39
652.0,645.51,651.66
653.1,650.0,652.31
659.99,656.69,659.87
658.74,647.01,654.27
657.09,653.21,656.58
652.7,645.28,651.19
660.59,646.58,659.19
643.12,635.59,640.59
655.87,650.23,651.56
649.0,645.28,647.63
646.74,640.0,645.73
648.0,644.04,645.95
646.98,638.51,640.87
645.0,641.58,645.0
648.37,645.01,645.88
659.6,651.77,651.77
653.88,645.0,649.55
648.0,641.98,647.82
649.13,646.35,647.53
648.47,646.82,648.45
648.49,644.14,647.22
649.01,646.47,647.73
648.09,646.15,647.05
655.0,652.82,654.26
654.59,652.5,654.0
669.98,668.19,669.96
674.98,669.55,674.98
666.71,662.08,665.4
666.51,663.0,663.49
667.53,663.16,666.83
661.0,658.0,660.63
660.89,656.57,657.0
662.46,658.57,660.82
656.27,651.1,653.36
656.31,651.06,653.81
654.74,653.0,654.09
662.99,658.33,662.66
664.41,660.63,662.84
661.5,659.78,660.0
661.0,658.56,661.0
664.37,662.36,664.37
666.0,663.5,665.53
663.18,661.96,663.17
664.85,661.46,664.85
670.01,665.38,665.48
666.66,664.74,665.57
666.65,663.03,664.02
665.47,663.18,665.21
661.58,658.41,661.58
664.33,660.52,662.53
664.81,661.11,663.0
663.63,661.35,661.48
665.87,662.01,665.43
666.9,663.81,664.28
669.99,665.77,668.01
684.19,677.83,679.98
680.19,677.51,678.88
680.0,677.95,677.95
681.79,678.0,678.43
680.0,678.14,678.2
677.0,675.02,675.4
676.07,672.36,675.02
674.8,671.25,673.86
675.35,671.0,674.07
675.59,672.01,675.59
673.89,669.71,669.72
672.45,671.14,671.34
670.23,667.26,669.97
671.0,669.0,669.96
673.92,672.91,673.05
674.16,672.21,673.3
672.61,670.39,670.4
672.31,669.75,670.38
669.12,664.01,667.49
668.5,665.45,665.61
664.73,663.5,663.5
664.84,662.24,663.46
664.57,661.86,662.68
665.5,662.5,664.13
666.0,663.71,664.8
664.5,663.17,664.5
666.0,664.0,665.35
665.99,664.0,664.94
665.18,663.19,663.22
660.73,650.43,654.89
656.99,654.76,656.97
656.92,652.0,653.47
652.8,650.73,652.68
653.16,649.0,649.07
656.77,651.95,652.55
656.0,653.52,654.65
654.99,652.38,654.0
655.27,653.51,655.27
655.55,652.65,653.64
654.6,653.5,653.5
655.34,652.16,653.69
655.05,652.01,652.01
664.5,658.22,664.0
662.19,661.17,662.18
661.71,659.03,660.8
660.0,657.86,659.44
656.75,653.84,653.84
657.05,654.6,654.99
657.03,655.0,655.0
657.08,655.01,656.97
656.94,655.7,655.96
655.73,651.92,651.92
648.5,645.44,647.44
652.0,646.51,652.0
653.48,651.99,653.48
655.98,652.72,653.92
651.07,649.16,649.95
655.54,647.71,652.74
654.91,651.78,653.55
654.0,652.07,654.0
659.07,652.35,656.56
657.48,654.25,655.76
655.2,653.49,653.49
656.3,654.0,655.28
654.9,653.02,653.98
655.15,653.29,655.0
655.65,653.01,653.05
656.12,653.34,653.96
656.0,653.62,654.71
656.04,653.04,653.5
654.25,653.01,654.24
654.9,653.03,654.9
656.34,654.48,655.99
657.43,654.47,657.43
656.62,654.73,656.0
656.38,654.37,656.38
655.95,653.54,653.8
656.47,653.93,655.5
655.89,654.11,655.43
654.35,653.0,653.01
653.95,653.09,653.4
636.1,630.77,635.0
636.56,631.98,631.98
636.18,633.28,633.49
635.09,631.37,632.54
632.35,628.62,628.62
623.58,614.82,621.75
624.9,620.68,620.68
630.0,620.47,625.0
626.03,622.5,625.6
620.09,617.0,617.13
617.37,613.8,614.91
613.03,607.73,609.43
601.99,596.21,601.97
603.61,601.02,602.0
608.81,605.1,608.69
604.18,595.01,602.15
565.97,549.03,550.0
541.6,525.38,533.96
536.43,530.08,536.39
541.88,531.16,538.3
570.0,553.02,565.5
562.88,556.1,560.54
569.74,563.21,564.21
569.75,565.57,569.74
574.99,552.0,572.31
572.91,564.46,565.04
582.0,575.2,575.33
572.28,565.62,572.05
569.92,565.52,568.75
576.98,574.12,575.0
570.0,562.0,567.48
569.0,566.1,567.99
573.0,570.1,570.1
573.0,571.5,572.8
575.86,572.58,574.72
581.06,570.89,576.85
572.97,564.0,564.48
569.0,565.9,566.76
566.5,563.05,565.0
588.65,580.23,584.26
590.26,582.42,586.01
592.01,589.21,589.99
590.79,588.24,588.49
591.48,589.0,591.48
595.83,593.0,593.0
590.99,582.12,590.7
590.99,587.2,589.65
589.5,585.8,587.7
588.39,585.89,585.99
589.23,586.31,588.02
592.43,588.02,591.0
591.66,589.68,590.3
592.84,589.75,590.22
590.09,587.5,587.5
586.77,582.26,586.19
586.83,581.0,586.75
587.0,585.32,587.0
588.0,579.43,584.76
584.93,583.89,584.02
585.0,581.0,584.05
584.59,583.32,584.59
587.0,584.57,587.0
595.44,585.2,593.21
598.66,596.58,598.66
596.62,593.33,595.93
593.7,590.55,593.7
594.09,591.28,593.8
593.45,589.15,590.02
597.78,595.78,597.43
591.97,588.01,590.39
590.96,589.45,590.96
587.71,585.26,586.67
584.94,581.6,583.33
589.99,587.05,589.44
588.69,586.05,586.7
586.51,584.19,586.22
585.79,583.72,585.03
586.28,584.49,586.27
585.89,583.76,585.38
589.0,587.92,587.99
588.97,587.26,587.53
585.95,582.14,585.95
585.59,583.03,583.86
583.92,582.07,582.94
580.28,577.22,580.28
580.99,578.01,580.98
574.91,571.16,571.16
568.95,565.0,566.19
568.2,564.95,566.6
569.22,565.9,565.9
571.74,569.75,571.16
571.78,568.58,571.7
570.94,569.0,569.11
565.0,554.9,561.32
566.91,565.32,566.67
567.49,564.01,567.18
568.0,564.98,566.74
567.5,564.02,566.2
569.11,566.55,567.0
575.99,572.0,573.78
579.25,576.33,577.92
576.42,573.4,575.46
573.85,571.01,572.75
577.86,575.0,577.03
575.15,571.46,573.63
569.98,566.02,566.24
571.49,570.0,571.49
571.0,570.04,570.31
571.9,569.38,569.54
572.82,571.12,571.96
573.76,572.47,573.49
575.87,569.01,573.45
573.32,569.35,571.4
571.52,570.21,571.0
571.95,570.02,571.95
571.24,569.75,570.98
573.74,572.16,573.43
573.97,569.27,570.5
573.9,570.44,572.86
572.99,570.98,571.0
571.0,570.13,571.0
575.87,570.45,575.87
577.86,576.16,577.69
577.67,575.97,576.3
578.98,577.01,577.51
578.23,577.42,577.45
579.42,578.56,579.0
581.16,579.07,581.12
580.96,578.0,578.8
579.26,576.01,578.34
579.33,576.26,577.77
579.26,576.9,576.9
577.0,575.79,576.01
577.5,572.5,577.49
578.76,577.0,578.76
585.95,582.25,583.5
585.5,581.05,585.0
583.1,582.0,583.1
584.73,582.6,584.73
584.76,579.0,580.0
583.59,579.06,583.59
582.33,576.01,579.11
581.89,579.67,580.76
581.99,579.26,580.23
578.64,576.11,578.24
580.85,578.0,578.35
580.91,579.0,580.73
579.4,576.02,579.0
580.33,578.2,578.64
578.75,576.5,576.5
574.92,571.79,571.79
575.13,572.85,572.85
575.8,573.01,573.58
576.0,574.1,575.93
576.27,574.51,575.5
576.99,574.26,575.16
575.99,574.89,575.25
579.74,577.57,578.81
578.69,576.48,577.55
579.95,576.98,579.33
579.09,576.75,577.32
579.09,577.56,578.99
574.98,574.1,574.12
575.5,574.34,574.94
574.5,572.92,574.35
567.15,564.81,566.41
568.89,567.34,567.64
568.4,566.92,567.46
568.36,567.14,567.14
572.91,570.0,570.57
572.12,570.41,571.91
571.68,569.02,571.53
570.25,569.46,570.24
575.0,573.13,574.82
574.68,572.7,574.37
573.86,572.0,572.61
574.9,572.52,574.0
574.94,570.54,571.64
574.08,572.07,573.64
571.5,569.26,571.5
572.64,568.55,569.42
575.68,574.12,575.65
576.0,573.79,574.98
575.99,574.13,574.99
575.98,575.0,575.38
576.49,575.0,576.48
572.99,571.27,571.92
573.0,572.01,573.0
573.0,570.88,570.9
571.18,569.0,569.3
573.7,571.62,572.24
570.76,570.5,570.76
572.0,570.5,570.9
569.96,566.86,569.07
571.19,569.26,571.03
570.0,568.01,569.99
571.5,569.48,569.5
571.58,569.53,570.37
570.05,568.04,568.42
570.13,568.21,568.94
572.65,570.0,572.35
572.88,571.95,571.96
572.0,571.46,571.99
572.0,571.88,571.95
572.18,570.0,572.18
572.28,570.87,572.28
572.86,570.93,572.84
572.79,570.27,572.79
593.89,589.02,591.41
597.81,594.88,594.88
594.96,590.88,594.82
595.0,593.57,594.18
608.32,599.04,607.02
607.64,602.22,603.72
603.55,600.1,601.82
607.31,603.55,603.55
605.55,601.46,601.97
603.77,600.0,602.77
601.5,594.77,600.32
603.32,599.54,603.3
603.26,601.23,602.13
605.03,603.35,604.99
601.73,601.0,601.7
604.96,602.04,603.4
609.74,606.16,609.0
607.91,604.17,605.0
608.97,607.0,607.65
608.96,607.63,608.94
609.0,607.0,607.01
608.22,605.55,605.63
611.25,609.11,611.25
613.09,611.25,612.15
614.84,613.51,614.68
615.09,613.8,614.8
614.52,613.0,614.01
624.27,614.19,624.0
628.9,625.08,625.8
625.99,625.02,625.96
625.23,622.38,624.2
626.25,624.87,625.55
627.49,621.5,624.5
621.73,617.74,619.0
620.68,619.02,620.68
621.78,619.49,620.86
621.68,620.83,621.61
623.1,619.01,621.98
622.42,619.75,620.16
624.89,622.04,624.03
623.5,622.4,623.49
623.58,620.44,621.78
623.25,623.12,623.25
622.0,620.61,621.25
622.0,619.05,620.0
622.19,620.72,620.73
623.49,621.63,623.47
623.27,621.57,622.05
601.51,597.14,599.37
607.0,603.56,604.45
606.52,605.13,606.21
606.78,603.9,603.98
606.5,604.9,606.49
606.98,603.58,604.53
608.08,605.75,606.41
608.09,605.43,605.56
608.66,605.7,608.08
606.78,603.48,604.17
609.0,607.0,608.26
606.4,604.44,605.46
609.51,607.9,608.04
608.5,606.28,606.51
609.31,605.98,607.26
608.5,606.95,607.34
609.45,607.54,608.48
609.43,607.86,609.32
609.88,607.53,609.58
609.35,607.51,608.5
608.39,606.65,607.57
608.0,606.43,608.0
608.5,607.32,607.61
607.9,606.63,607.38
607.0,605.24,605.53
607.0,605.08,606.71
606.7,604.4,606.48
607.71,606.06,606.87
608.37,607.01,608.2
607.73,604.81,605.48
607.39,606.05,607.39
607.43,605.55,605.69
606.5,605.0,605.18
606.71,604.21,604.46
606.34,604.28,605.02
604.43,601.29,602.78
604.67,602.8,604.48
604.1,603.1,604.1
604.16,603.01,603.01
604.32,603.01,603.1
608.0,606.33,607.11
608.59,607.64,607.99
608.94,606.91,607.83
608.96,607.17,608.0
608.99,607.5,608.4
608.58,607.5,607.98
608.3,605.88,607.01
608.22,604.35,605.99
608.99,606.37,607.36
608.72,607.8,608.72
608.31,606.87,607.9
608.74,606.15,606.16
608.0,606.6,606.6
607.8,605.95,607.04
607.86,605.53,606.81
607.4,600.94,600.94
596.77,595.03,596.66
596.72,594.99,595.4
596.16,594.07,594.78
594.99,594.09,594.99
594.5,593.74,594.48
595.91,594.12,595.46
595.91,595.0,595.91
595.19,593.12,593.52
596.35,595.1,595.15
596.33,594.81,594.81
595.94,594.0,594.53
595.53,593.9,595.41
595.48,593.47,594.46
595.07,593.83,594.03
597.0,596.0,597.0
599.99,597.0,597.5
600.98,599.25,600.19
602.55,600.35,601.42
602.48,600.18,600.81
602.99,601.6,602.02
602.85,600.69,601.0
600.88,598.14,600.05
600.89,598.57,600.24
601.0,599.33,599.33
601.0,600.12,600.14
601.25,600.02,601.06
601.99,600.71,601.72
598.35,596.01,596.09
598.37,596.2,598.37
599.6,597.36,598.98
599.0,597.0,598.95
599.45,597.51,599.44
605.5,603.04,604.84
604.99,603.0,604.71
604.46,601.52,604.07
606.79,604.28,606.47
602.99,601.88,602.99
604.1,602.32,604.1
603.1,601.54,603.02
605.3,602.5,603.83
605.99,604.81,605.73
605.22,603.01,604.26
604.52,602.62,602.62
603.99,601.68,601.68
604.53,603.05,603.97
603.52,602.49,603.0
604.67,602.5,603.96
604.53,602.72,603.95
603.96,601.79,603.81
603.83,602.41,602.45
603.99,602.1,603.74
605.0,603.91,604.94
604.88,603.91,604.2
605.88,604.03,605.6
605.72,603.75,605.5
605.49,603.16,603.16
605.22,604.0,604.19
605.99,604.15,604.15
604.84,603.85,604.84
608.39,607.0,608.23
609.72,609.2,609.5
611.91,610.39,610.51
612.1,611.04,611.47
613.97,612.17,613.39
614.02,612.53,612.74
613.01,611.68,612.98
612.97,611.33,611.36
611.22,609.2,609.22
609.98,607.84,609.22
608.14,605.05,605.79
608.9,606.45,608.9
608.6,608.0,608.6
608.6,607.83,608.6
610.25,608.55,609.27
610.51,608.48,610.4
610.65,608.5,609.5
611.51,610.01,611.16
612.98,609.57,611.16
611.94,607.04,608.5
607.4,605.52,606.38
609.18,606.08,608.0
607.7,606.91,607.59
608.44,605.81,607.73
607.99,606.32,607.19
606.85,606.0,606.85
607.5,606.19,607.5
607.99,606.44,607.9
611.99,609.0,609.08
610.0,609.0,609.98
610.98,607.82,608.49
608.5,607.09,608.17
608.91,607.3,608.91
610.0,608.8,608.8
610.3,609.96,610.19
610.4,609.6,610.39
610.5,609.14,610.25
609.0,608.16,608.16
610.99,609.91,610.49
614.75,611.71,614.7
616.33,613.63,613.9
614.64,612.46,613.23
614.88,613.03,614.88
615.87,613.48,615.87
615.46,612.5,613.9
615.03,614.37,615.01
614.68,613.59,614.6
614.94,613.59,614.72
614.48,613.1,614.34
613.21,611.5,611.52
613.92,612.0,612.0
613.19,610.7,611.98
614.98,612.83,613.01
614.39,613.0,613.06
613.61,612.09,613.06
614.99,613.41,614.99
614.93,613.32,613.46
614.76,612.61,614.54
616.06,614.0,615.64
614.8,613.23,614.5
616.37,613.94,616.0
617.26,614.91,616.49
633.0,627.83,631.0
633.95,628.55,629.07
634.45,632.13,632.77
639.0,633.98,638.0
639.0,636.59,639.0
635.0,634.97,634.97
637.96,632.78,637.0
636.98,636.14,636.98
636.99,635.99,636.75
637.0,635.79,636.51
635.16,634.2,634.5
636.0,635.01,635.84
635.82,633.27,635.08
635.65,632.3,635.56
635.38,634.0,635.35
635.67,632.22,635.67
635.84,633.28,634.02
634.0,633.24,634.0
633.99,631.93,633.5
635.0,634.01,634.09
635.5,633.0,634.87
638.98,638.01,638.67
639.78,638.02,638.2
641.7,638.45,638.8
639.8,636.79,637.5
640.0,638.13,639.3
639.95,637.54,638.6
639.35,636.02,637.73
637.64,635.25,635.25
637.34,635.24,635.34
637.89,635.28,637.89
640.0,638.29,639.19
640.86,637.01,637.52
639.82,637.51,639.35
639.0,637.52,637.52
637.8,634.77,637.49
637.0,634.02,637.0
636.24,632.25,636.18
637.0,635.25,636.99
636.61,634.59,635.06
636.97,635.02,636.85
636.98,634.97,636.78
636.01,633.4,635.79
637.03,633.4,636.94
637.8,634.0,637.32
635.43,634.03,635.27
635.99,631.95,635.99
636.0,634.76,636.0
634.0,633.87,634.0
637.94,636.02,636.08
627.49,624.22,627.01
628.26,626.19,626.47
627.98,626.66,627.98
627.35,625.92,626.04
627.99,625.92,627.31
629.4,627.51,628.0
628.69,627.01,627.18
626.57,625.0,626.55
628.99,627.65,628.8
629.0,628.28,629.0
629.4,627.63,627.99
629.55,627.99,628.84
630.25,629.0,630.2
630.0,629.2,629.2
629.0,628.99,628.99
630.59,628.58,630.53
634.02,631.03,633.67
635.5,633.52,634.58
639.99,636.58,639.99
653.0,649.45,652.79
656.0,647.2,655.98
655.0,651.84,654.98
654.99,651.5,654.19
651.98,650.9,650.9
651.95,649.05,651.95
650.86,648.36,648.64
651.79,647.51,651.02
645.0,643.4,644.98
646.99,642.93,646.82
649.4,644.78,648.89
652.07,647.9,651.72
649.99,648.53,649.52
649.05,648.14,649.0
652.25,650.01,652.25
652.25,649.81,652.25
651.96,649.1,650.0
653.97,650.2,652.11
654.0,653.23,654.0
657.58,653.03,657.48
655.0,654.81,655.0
657.0,655.68,656.8
662.0,660.15,661.01
669.97,665.74,668.31
677.0,672.25,673.51
670.3,660.68,669.82
680.88,679.56,680.83
682.0,679.05,682.0
682.0,679.6,681.42
680.78,678.45,679.53
679.99,676.98,679.99
680.99,678.58,680.75
685.18,681.05,681.13
684.13,680.01,681.01
686.52,682.81,684.95
684.82,682.36,683.41
687.23,685.06,685.2
686.8,684.99,685.68
699.0,691.68,698.43
699.99,697.98,697.98
705.0,700.0,704.3
713.51,705.01,711.98
714.43,709.91,711.68
714.54,711.06,711.39
700.16,694.23,699.68
703.32,700.08,702.48
707.75,702.21,704.11
703.17,698.0,699.75
704.98,699.7,702.96
699.99,692.11,694.02
693.45,685.37,688.15
696.36,691.01,693.57
699.28,693.06,693.35
705.92,697.72,704.9
706.0,703.11,704.31
701.82,695.79,697.75
709.99,703.26,709.99
714.5,706.0,709.3
726.19,719.56,719.56
733.19,728.0,728.55
727.54,722.93,726.91
729.5,715.9,725.01
725.02,721.58,721.66
726.0,720.33,726.0
724.49,720.04,724.49
724.74,721.5,724.23
725.5,723.75,724.72
735.0,728.99,735.0
744.98,736.64,741.76
745.19,740.02,740.02
740.02,734.5,740.0
731.64,728.04,730.0
711.18,678.11,692.0
694.65,670.32,675.48
699.27,698.2,698.21
700.03,687.27,692.27
705.28,701.72,704.99
703.5,694.11,697.61
694.0,690.5,692.56
702.98,695.02,702.98
702.8,699.09,700.83
702.87,698.72,702.78
705.99,703.98,705.42
698.1,695.26,697.75
703.34,701.29,702.01
703.9,701.29,702.71
704.99,702.34,702.45
714.36,711.29,711.31
710.41,706.8,710.16
706.32,701.29,701.29
705.31,702.68,704.97
712.0,705.0,710.01
702.82,700.4,702.77
706.28,700.32,706.28
705.06,701.2,703.43
702.4,699.66,702.4
707.03,703.21,706.97
707.0,705.0,706.5
707.0,703.03,705.33
704.25,701.27,703.6
705.01,701.6,705.01
711.87,706.71,710.67
708.13,705.57,707.47
712.92,708.15,709.14
714.0,705.45,713.83
738.0,732.03,736.56
732.99,729.0,732.95
727.0,717.73,720.0
724.0,722.29,723.94
721.81,716.21,719.79
720.82,717.0,719.13
717.64,712.0,712.82
717.99,715.1,717.98
717.69,711.0,713.09
714.54,711.0,714.17
712.0,710.5,712.0
714.48,712.34,712.92
714.48,712.24,713.66
715.99,715.93,715.99
720.38,717.0,719.6
717.49,715.38,716.28
715.84,715.01,715.84
716.38,716.0,716.02
715.08,715.07,715.07
710.36,705.1,707.79
706.98,703.01,704.01
705.89,701.98,702.9
704.81,702.5,702.5
694.0,693.9,693.94
690.0,689.01,689.96
691.15,691.11,691.14
690.0,684.78,685.52
699.23,697.76,698.6
702.58,699.02,700.03
701.19,699.0,699.09
702.77,701.82,701.9
702.65,700.84,700.84
699.15,697.15,698.69
699.22,698.41,698.45
705.08,705.0,705.03
707.59,703.05,706.14
712.49,709.15,710.18
711.96,709.85,710.44
713.83,710.0,713.83
716.36,710.69,714.81
716.33,708.92,709.85
712.72,711.66,712.4
711.15,709.56,709.71
714.95,713.03,713.72
738.15,720.0,734.19
732.0,729.81,731.25
739.82,738.07,739.8
740.54,739.57,740.54
747.77,747.0,747.7
748.0,745.02,748.0
748.0,745.0,745.99
745.89,737.3,741.82
740.95,737.47,739.19
733.02,732.01,732.02
737.0,732.98,736.99
750.0,740.81,750.0
749.39,747.41,748.02
746.74,741.1,744.07
743.02,741.15,743.02
748.99,746.7,746.7
748.2,746.79,748.2
752.46,746.0,752.01
748.0,742.7,746.12
748.94,746.93,747.76
749.31,749.02,749.3
753.0,751.3,752.5
753.81,752.01,752.01
751.9,751.82,751.83
750.68,735.1,739.6
733.61,720.05,723.17
727.41,723.02,724.01
728.03,727.09,728.03
728.64,727.17,728.64
735.0,733.26,734.78
734.69,733.13,734.57
737.73,733.4,737.6
735.68,735.0,735.67
736.27,732.51,734.99
738.26,737.71,738.25
739.27,735.29,737.0
737.99,736.28,737.0
746.33,746.05,746.08
749.9,746.48,748.02
749.86,747.66,747.66
745.84,733.2,743.44
742.01,736.5,739.0
742.0,739.35,741.99
739.52,730.83,736.46
741.65,737.11,739.96
741.12,738.72,741.12
737.0,735.55,736.99
739.68,735.0,736.74
739.46,737.31,738.9
731.0,729.85,731.0
734.94,734.41,734.87
734.76,730.0,732.85
729.94,728.77,729.73
731.58,731.11,731.56
734.65,731.04,734.18
734.54,732.0,732.51
735.63,733.91,735.6
737.56,735.03,735.03
735.99,735.97,735.97
735.99,725.52,729.41
729.96,725.39,728.0
729.76,726.19,729.59
728.91,728.9,728.9
729.97,723.64,725.0
725.01,723.27,725.0
729.0,723.72,729.0
730.5,728.14,730.16
731.99,729.29,731.6
730.95,729.55,729.58
729.5,725.87,729.5
728.0,724.68,726.0
728.47,724.26,728.47
732.42,729.47,729.47
732.44,730.95,731.5
729.99,728.94,729.99
730.8,721.0,729.48
729.43,726.1,726.37
728.98,724.17,728.95
733.29,730.0,732.12
732.99,730.81,732.33
733.01,732.21,733.01
733.28,729.05,730.0
733.0,727.79,732.91
739.2,736.06,739.2
742.99,738.85,738.85
741.78,740.74,741.34
743.3,743.17,743.27
742.0,740.52,742.0
744.8,742.94,744.8
748.92,745.0,748.92
749.24,747.99,749.0
754.98,752.08,752.97
751.38,749.2,751.3
763.0,754.77,762.5
771.03,762.02,764.94
774.0,767.64,770.99
770.01,767.97,770.01
770.0,768.55,770.0
770.0,767.76,770.0
769.99,763.25,766.0
767.12,752.41,752.41
760.41,754.65,760.4
763.0,760.73,763.0
763.96,757.96,763.95
762.85,760.89,760.89
761.04,759.04,759.3
760.73,759.87,759.87
758.77,758.04,758.77
762.0,757.69,759.0
760.04,758.6,758.6
760.0,757.81,759.95
762.09,758.08,758.08
755.63,743.65,747.88
749.99,745.86,749.99
749.96,745.11,747.96
751.8,750.07,751.06
751.99,749.5,750.79
755.64,747.99,753.5
751.0,748.08,750.96
757.15,749.89,755.98
757.72,755.71,757.72
756.5,752.99,753.97
758.65,755.81,756.95
759.0,757.3,758.98
757.33,751.78,751.88
763.69,754.48,762.0
765.0,762.8,764.24
764.55,763.28,763.29
769.16,765.22,765.84
764.21,762.33,762.55
770.0,766.22,766.37
768.3,765.77,767.31
771.63,765.8,770.47
770.47,768.01,770.01
767.97,767.96,767.97
769.37,766.29,767.97
768.08,766.4,767.7
773.49,769.01,773.46
772.0,770.86,771.93
770.2,768.0,769.25
770.2,769.12,770.18
772.21,770.44,772.19
771.98,770.3,771.9
771.65,769.95,770.02
772.0,771.01,771.96
773.75,772.96,773.5
774.0,772.97,773.91
770.64,767.93,769.94
767.46,766.0,766.0
770.52,767.59,770.06
768.94,766.17,766.52
769.98,767.78,767.89
769.25,767.0,768.23
769.99,769.2,769.58
769.8,769.79,769.8
773.8,771.06,773.7
778.9,777.1,778.1
778.0,775.48,777.47
778.0,776.81,777.8
781.21,777.77,781.06
776.39,773.01,775.44
780.38,777.01,777.5
779.22,778.33,779.19
779.1,777.8,778.71
779.51,777.93,778.83
777.18,773.73,774.52
778.6,776.23,778.6
778.99,777.75,777.94
781.0,778.17,779.2
777.0,775.06,775.74
778.31,775.64,776.92
778.86,775.71,778.05
777.37,771.0,776.21
778.87,776.03,778.75
778.49,776.49,778.47
778.39,777.5,778.39
776.74,774.91,776.69
776.87,772.48,775.0
776.74,773.03,773.03
780.01,775.08,777.3
782.36,778.28,780.74
782.14,779.47,779.96
779.67,779.66,779.66
781.58,780.36,781.2
787.92,786.2,787.18
787.99,787.37,787.69
786.5,781.72,785.47
787.79,787.19,787.79
789.0,787.23,789.0
789.0,788.29,788.99
789.76,788.8,789.28
790.79,789.86,790.61
790.89,790.37,790.53
785.5,785.01,785.03
787.0,783.92,786.96
788.78,788.32,788.78
793.09,792.0,792.6
791.99,789.01,790.59
791.0,787.01,788.3
791.73,788.79,790.72
790.68,789.0,790.58
791.03,789.73,790.71
790.21,787.94,788.19
792.5,790.0,790.0
793.0,791.11,791.54
791.9,790.42,790.44
791.81,790.21,790.98
801.4,796.82,801.0
807.2,803.96,805.37
809.88,806.47,809.58
810.0,808.05,809.94
830.01,820.03,824.05
823.69,820.0,821.64
837.9,827.29,837.19
846.89,845.0,845.0
866.0,856.1,866.0
862.74,856.0,859.21
864.43,860.99,861.82
860.71,858.0,858.94
860.42,858.93,860.42
913.41,900.1,906.02
911.38,896.28,896.86
913.4,905.23,907.0
892.0,876.11,889.63
893.97,891.0,893.4
915.81,912.46,914.04
910.33,908.25,908.77
915.0,891.98,898.09
897.92,886.02,888.38
893.84,890.0,893.29
899.73,898.0,899.17
892.61,892.15,892.43
870.06,865.0,866.34
867.6,864.15,864.2
866.26,865.0,865.01
885.54,875.41,878.89
888.68,885.64,888.15
900.0,890.47,899.75
903.79,901.15,902.04
905.18,898.24,898.9
893.92,888.0,891.78
901.5,897.39,901.24
901.94,898.53,900.97
898.99,895.01,898.99
899.57,896.93,898.8
910.0,906.39,907.75
935.0,916.97,928.9
931.99,922.3,930.39
935.11,931.41,932.31
940.0,929.49,937.89
959.95,950.79,953.49
958.97,954.81,958.33
959.0,956.99,958.99
955.6,947.52,953.22
968.42,964.74,968.08
977.12,971.24,975.86
970.72,965.6,968.73
974.27,968.71,973.81
977.85,966.75,969.22
968.92,963.87,968.86
963.0,960.87,963.0
970.0,962.01,965.93
953.11,940.0,947.3
948.51,942.06,946.0
952.84,939.41,952.61
960.99,953.09,959.82
959.94,958.25,959.92
959.86,953.15,955.08
951.67,947.84,948.12
957.78,953.77,954.95
953.74,950.81,953.22
959.39,956.22,959.38
961.8,956.63,961.4
966.99,964.6,966.6
963.64,960.6,963.46
964.99,964.96,964.98
975.8,972.5,972.5
992.99,976.22,992.99
1001.64,996.0,999.95
999.89,996.89,997.69
1005.73,1003.55,1005.73
1006.53,1004.94,1006.08
1025.0,1020.55,1024.96
1032.0,1025.5,1025.7
1013.5,990.01,1013.5
1020.0,1011.43,1019.24
1024.96,1023.0,1023.57
1018.73,1012.06,1016.0
1026.5,1022.6,1023.75
1020.99,1018.54,1020.98
1020.28,1016.19,1017.12
1038.5,1032.33,1032.33
1046.0,1038.35,1042.64
1057.0,1052.62,1055.69
1090.47,1077.2,1088.97
1098.77,1085.66,1094.9
1127.93,1092.05,1092.1
1114.92,1086.5,1088.62
1119.22,1116.39,1118.05
1136.72,1105.6,1133.55
1098.23,982.0,982.22
992.86,933.19,955.0
977.81,951.8,969.94
1016.09,999.82,1016.09
985.93,953.11,970.1
985.53,937.21,960.43
902.0,880.0,885.25
919.99,901.15,902.25
893.98,880.0,887.94
900.16,884.41,884.43
842.02,821.22,836.74
832.63,814.69,814.69
897.8,874.01,883.03
905.0,888.0,893.31
891.12,882.02,887.66
906.88,892.57,895.7
938.0,916.2,937.05
933.81,921.52,930.15
916.02,905.0,907.81
906.0,895.49,896.91
909.73,897.05,907.05
912.87,887.0,887.91
888.99,880.42,884.65
889.96,882.8,889.96
910.58,899.5,905.77
900.95,888.11,888.59
897.63,885.24,890.03
904.72,894.89,904.72
900.0,891.59,895.62
905.19,899.12,901.16
907.38,899.5,904.36
903.8,900.24,903.51
907.0,899.18,903.0
907.96,904.07,906.15
908.85,906.13,908.85
911.5,906.9,910.51
833.08,790.0,801.0
809.95,791.0,800.0
803.86,780.0,784.0
782.37,755.0,766.05
772.92,763.0,764.07
768.86,753.5,762.05
771.0,766.73,770.98
811.34,794.18,807.55
825.0,814.0,818.36
811.69,805.77,811.67
790.35,778.97,788.67
796.04,776.0,787.17
801.83,792.22,798.75
831.4,816.58,827.92
828.39,818.08,820.0
836.88,825.56,833.46
824.89,819.12,822.12
832.0,820.0,831.53
837.01,830.93,835.99
831.87,828.09,830.18
830.11,825.06,827.06
822.31,818.27,819.72
822.97,819.0,819.64
817.0,812.18,812.22
823.27,816.5,820.64
816.46,813.27,816.41
816.62,811.04,815.96
822.65,818.09,820.82
829.59,827.62,828.59
830.33,829.0,829.0
827.22,819.0,821.86
833.68,828.95,831.99
831.69,827.98,831.69
834.11,827.02,831.81
849.0,830.78,847.15
887.0,859.15,880.0
885.0,874.03,876.61
884.98,877.96,881.22
906.3,896.65,904.99
907.08,902.09,905.99
897.1,890.67,892.64
899.16,890.0,893.68
900.74,894.76,896.94
881.67,865.0,874.5
870.99,866.9,868.13
887.75,875.62,887.7
889.39,883.77,887.15
887.75,882.86,885.11
891.0,885.37,888.79
896.54,890.0,893.02
904.76,901.53,902.48
903.5,897.13,901.01
900.43,896.02,900.42
897.21,893.2,897.06
888.71,884.45,888.54
899.04,895.74,896.11
899.61,894.87,899.35
896.17,895.01,895.8
925.0,904.88,924.01
921.0,917.5,917.5
926.0,917.68,921.47
923.94,919.02,919.33
920.73,919.72,919.73
923.18,920.73,921.98
935.78,929.41,935.65
937.74,930.73,936.11
934.27,929.65,929.98
912.65,904.03,908.99
913.36,910.38,912.7
923.76,916.42,923.76
923.99,917.87,920.9
923.0,916.99,920.79
922.45,919.37,921.99
927.57,918.08,921.1
921.54,915.86,916.94
923.19,913.52,913.52
914.9,908.65,913.4
919.21,915.23,918.78
909.06,900.0,908.92
907.24,901.0,906.04
909.18,902.0,904.27
894.63,881.48,885.47
903.41,898.68,901.86
895.56,893.03,894.5
897.15,893.69,896.65
895.0,890.0,894.56
894.76,893.0,893.16
893.86,892.56,893.43
899.32,897.85,899.31
895.99,893.47,895.05
902.97,901.3,901.87
919.48,912.52,918.62
914.0,910.0,913.97
917.03,914.83,914.83
914.79,910.77,911.8
919.6,914.07,919.24
917.52,916.0,917.52
924.88,918.3,923.05
919.88,917.0,918.92
919.44,916.24,918.02
920.99,919.47,919.5
918.17,916.14,918.17
917.16,914.65,917.16
918.45,916.13,917.35
918.0,915.31,917.97
918.62,916.6,918.6
919.0,916.8,918.05
919.99,919.0,919.0
918.4,916.38,918.4
917.34,914.12,916.03
914.5,912.3,913.58
913.81,912.0,912.01
916.2,914.99,916.2
914.19,913.17,914.15
917.48,914.19,916.21
921.38,919.01,920.46
921.07,918.26,921.05
922.02,919.74,919.99
921.32,918.92,919.32
936.0,920.19,934.15
940.5,933.22,940.2
957.03,951.38,957.03
956.67,953.73,954.26
967.86,962.01,963.99
971.94,968.48,969.95
974.88,971.05,972.57
969.69,964.4,966.95
967.9,964.42,967.9
976.35,970.25,976.29
985.05,981.87,983.67
981.99,973.12,979.53
987.67,982.27,987.53
995.0,988.37,991.02
994.61,991.8,993.38
1003.08,999.2,1000.99
1009.18,1005.0,1009.17
1017.6,1012.67,1017.2
1015.99,1000.1,1015.99
1009.46,997.92,1005.32
1017.08,1012.0,1015.8
1012.99,1008.0,1010.55
1016.99,1012.64,1016.99
1011.19,1006.65,1009.55
1015.23,1010.45,1014.5
1013.0,1009.38,1009.38
1015.0,1010.23,1013.34
1037.01,1026.0,1035.01
1035.32,1031.72,1033.18
1030.58,1025.01,1025.01
1029.5,1027.67,1028.01
1023.9,1016.5,1022.22
1017.66,1013.0,1014.6
1010.0,1005.0,1009.38
1014.59,1010.01,1011.07
1019.14,1014.45,1018.47
1023.0,1018.9,1019.55
1029.8,1005.1,1022.99
1023.4,1020.0,1021.92
1022.0,1018.95,1021.99
1025.3,1023.0,1023.99
1029.0,1025.26,1028.33
1047.32,1036.34,1045.99
1048.88,1045.15,1047.03
1051.73,1045.01,1047.98
1048.85,1045.89,1047.06
1055.0,1051.0,1052.48
1068.0,1063.22,1067.41
1069.6,1061.0,1061.0
1047.01,1040.73,1040.99
1055.35,1044.5,1053.08
1059.99,1055.96,1059.65
1057.33,1050.0,1050.4
1070.0,1064.94,1068.44
1065.62,1046.84,1059.0
1067.2,1063.52,1065.1
990.0,952.03,979.04
977.25,950.1,959.0
986.99,977.01,986.0
982.42,973.2,977.36
979.99,962.0,973.0
978.96,966.26,976.82
981.0,965.55,980.01
988.56,984.07,987.37
1003.99,995.28,996.08
1000.0,995.1,1000.0
1007.55,999.27,1006.64
1014.99,1006.0,1006.0
1010.99,1006.74,1006.74
1014.64,1012.2,1012.78
1015.42,1011.0,1012.4
1008.0,1007.0,1007.17
1004.3,1002.11,1003.74
1007.25,1004.85,1005.63
1004.37,1000.03,1003.02
1001.08,991.98,998.02
1002.92,999.47,1000.73
1006.2,1004.11,1006.17
1006.34,1004.8,1005.72
996.28,990.35,992.09
996.86,993.75,996.77
1001.6,995.0,995.9
1001.6,999.38,1000.79
999.55,994.28,997.09
1003.75,1001.24,1003.75
1016.52,990.0,995.47
1011.3,1009.03,1010.71
1009.03,1004.58,1007.19
1011.79,1004.66,1008.88
1010.02,1005.0,1006.48
1008.69,1000.97,1006.29
1008.68,1005.8,1007.03
1010.99,1008.78,1009.98
1009.99,1008.66,1009.99
1013.76,1009.56,1011.53
1030.0,1013.05,1026.39
1024.16,1021.19,1023.0
1024.99,1019.66,1022.95
1027.5,1023.03,1026.15
1043.21,1033.47,1039.84
1035.2,1030.02,1031.97
1039.5,1031.98,1036.31
1037.5,1033.1,1035.54
1048.56,1040.92,1041.0
1064.99,1051.51,1056.49
1057.47,1054.0,1055.12
1062.74,1056.0,1059.3
1060.0,1055.72,1058.71
1066.99,1063.0,1064.01
1068.88,1064.28,1066.22
1061.74,1049.94,1058.94
1065.79,1059.17,1060.44
1063.16,1046.14,1054.63
1055.99,1051.73,1054.0
1060.0,1054.71,1058.65
1061.9,1057.05,1059.84
1053.49,1047.01,1050.71
1053.63,1045.2,1045.2
1055.41,1049.51,1052.25
1051.14,1047.18,1048.31
1053.27,1049.0,1051.14
1061.89,1057.0,1057.67
1061.0,1057.3,1057.81
1062.64,1060.0,1060.12
1062.92,1059.0,1061.95
1082.76,1077.0,1079.0
1096.55,1082.7,1094.78
1100.76,1092.41,1100.0
1116.99,1098.0,1107.0
1119.0,1111.0,1114.39
1126.0,1113.72,1123.99
1120.0,1107.41,1110.82
1114.71,1110.28,1112.0
1118.97,1112.0,1118.37
1130.85,1121.63,1129.08
1142.2,1132.87,1134.15
1139.0,1128.01,1132.9
1134.0,1130.14,1131.0
1132.66,1128.7,1130.15
1141.35,1132.0,1141.35
1153.57,1148.0,1153.57
1168.0,1155.12,1161.0
1183.0,1161.12,1182.17
1189.99,1180.79,1188.33
1213.0,1201.75,1203.84
1183.0,1175.0,1180.03
1203.93,1192.07,1197.9
1197.36,1180.77,1189.01
1179.97,1173.65,1179.89
1182.12,1181.15,1182.11
1175.06,1170.73,1175.06
1182.0,1176.4,1179.4
1176.39,1145.0,1165.03
1160.18,1139.0,1152.98
1160.0,1149.04,1151.89
1145.85,1135.0,1141.82
1157.99,1150.34,1155.22
1177.99,1163.69,1166.28
1171.0,1165.49,1167.56
1181.0,1172.0,1174.8
1180.58,1174.81,1176.37
1193.32,1178.11,1179.75
1183.75,1176.2,1182.0
1187.09,1181.9,1186.67
1182.36,1177.61,1182.3
1197.19,1190.23,1193.04
1195.35,1189.0,1191.46
1205.0,1185.0,1205.0
1200.0,1189.27,1191.68
1196.99,1189.8,1191.03
1186.74,1179.0,1186.74
1199.2,1193.07,1195.39
1198.62,1192.02,1192.87
1196.28,1193.02,1194.29
1193.25,1188.3,1189.63
1197.88,1192.0,1194.36
1227.99,1213.39,1225.72
1225.57,1217.82,1221.7
1227.0,1223.0,1223.36
1226.83,1223.11,1226.53
1224.0,1219.06,1224.0
1233.49,1226.44,1230.87
1239.9,1231.95,1239.86
1282.99,1251.34,1263.53
1263.27,1247.99,1262.7
1270.81,1265.83,1268.0
1260.44,1255.0,1260.44
1298.0,1277.0,1281.61
1277.91,1268.01,1276.21
1271.75,1260.52,1270.46
1284.99,1275.0,1284.28
1280.95,1273.82,1279.32
1284.74,1278.45,1282.05
1277.38,1274.69,1275.67
1275.07,1259.01,1260.0
1261.0,1249.45,1257.18
1262.34,1258.31,1262.34
1262.0,1260.16,1262.0
1256.42,1250.1,1251.45
1250.0,1244.95,1247.1
1263.71,1257.1,1261.0
1275.0,1267.06,1268.84
1270.0,1261.05,1268.9
1273.97,1268.16,1268.16
1268.0,1260.8,1266.77
1282.33,1276.62,1282.33
1281.0,1276.52,1279.95
1279.01,1274.92,1276.91
1281.0,1276.0,1278.74
1281.62,1276.97,1278.0
1273.43,1265.78,1272.01
1258.97,1244.01,1253.7
1241.0,1227.0,1232.76
1257.91,1249.97,1250.87
1246.51,1231.0,1232.0
1241.85,1233.32,1234.42
1205.0,1170.0,1172.93
1229.19,1207.59,1216.94
1206.04,1186.0,1190.4
1195.0,1186.13,1186.13
1165.04,1151.0,1165.04
1163.54,1143.91,1159.07
1174.59,1155.16,1172.77
1177.74,1172.34,1173.0
1183.44,1175.0,1181.99
1204.0,1197.38,1199.76
1199.31,1182.0,1185.68
1203.91,1196.16,1199.01
1195.99,1181.25,1181.25
1202.5,1193.31,1200.0
1302.0,1240.0,1255.99
1253.09,1238.76,1247.93
1123.0,1060.4,1091.77
1142.0,1128.47,1132.53
1160.0,1146.28,1158.29
1188.33,1165.56,1186.59
1196.81,1172.03,1187.06
1182.74,1171.24,1172.96
1181.57,1162.13,1176.91
1185.92,1177.63,1178.66
1183.99,1178.09,1178.65
1178.72,1173.95,1174.59
1214.0,1180.38,1200.27
1239.0,1220.11,1238.0
1236.16,1223.69,1230.35
1227.7,1222.15,1227.5
1230.0,1216.82,1227.14
1233.47,1220.51,1231.99
1240.58,1227.0,1228.87
1241.0,1235.0,1236.93
1242.45,1238.99,1242.1
1243.39,1240.0,1240.01
1234.56,1227.0,1227.66
1239.9,1236.5,1238.2
1260.0,1250.66,1258.19
1256.73,1246.02,1246.62
1249.32,1239.01,1245.62
1249.99,1248.17,1248.61
1256.19,1247.24,1254.44
1254.12,1245.24,1253.22
1255.64,1251.56,1254.55
1252.33,1245.89,1248.0
1259.99,1250.87,1259.97
1254.73,1249.0,1249.05
1243.4,1225.37,1240.1
1237.59,1221.0,1233.01
1224.19,1215.35,1219.66
1220.54,1212.0,1215.68
1189.91,1150.16,1174.58
1162.22,1130.0,1148.82
1138.29,1077.38,1097.99
1133.0,1113.11,1127.54
1165.61,1143.84,1165.0
1136.3,1115.0,1120.8
1111.0,1069.99,1087.88
1087.56,1056.32,1060.01
1077.94,1062.9,1074.76
1098.98,1084.26,1085.0
1029.72,987.71,994.66
1008.99,975.0,983.94
985.0,944.36,949.21
997.19,974.0,989.02
1005.58,997.73,1002.58
1001.5,973.0,976.0
996.04,980.01,986.0
1045.0,1026.5,1034.98
1055.12,1034.5,1039.8
1029.38,1017.19,1023.85
1034.07,1024.38,1025.91
1033.0,1010.01,1033.0
1053.0,1044.5,1047.81
1050.49,1040.1,1045.83
1042.0,1027.22,1040.38
1049.97,1042.71,1049.32
1080.0,1071.64,1077.0
1081.51,1070.0,1071.22
1093.06,1075.66,1087.01
1117.9,1104.64,1112.01
1109.0,1092.07,1106.4
1106.1,1095.05,1103.93
1099.26,1096.38,1099.26
1067.0,1045.45,1067.0
1062.67,1018.81,1019.61
1026.49,1008.0,1015.0
1020.39,1005.57,1012.03
1034.5,1022.51,1029.94
1021.39,1010.69,1017.98
1041.05,1029.11,1032.79
1051.66,1045.0,1049.42
1043.05,1032.77,1039.58
1040.24,1026.01,1028.8
1024.05,1012.0,1013.41
1023.0,993.0,1015.64
1015.49,1005.0,1007.7
983.0,968.28,977.0
987.18,977.66,987.08
963.32,940.0,949.49
934.3,920.5,928.0
912.25,895.97,895.97
918.76,891.33,915.8
949.18,914.27,937.99
955.59,926.82,951.28
955.0,941.34,952.12
958.39,943.91,953.17
953.71,950.0,953.71
959.21,950.13,956.92
990.0,973.74,987.99
993.12,970.0,981.97
972.51,940.34,951.77
969.0,959.77,968.17
969.23,963.01,963.49
992.01,984.0,988.7
1029.01,1008.53,1027.88
1027.61,1020.0,1020.81
1034.99,1018.02,1034.28
1035.45,1026.56,1028.52
1036.0,1026.35,1026.63
1057.97,1047.12,1057.97
1068.0,1055.4,1064.68
1055.99,1042.0,1045.19
1040.0,1028.69,1036.32
1035.67,1027.48,1031.31
1026.96,1019.12,1026.73
1037.5,1010.98,1037.01
1055.93,1038.01,1043.98
1046.62,1029.52,1030.0
1043.14,1035.95,1042.91
1043.89,1038.12,1038.12
1039.98,1035.23,1037.8
1042.37,1024.67,1029.0
1034.87,1024.0,1029.52
1035.31,1025.07,1030.58
1032.17,1027.34,1030.42
1042.39,1035.61,1041.21
1048.19,1042.0,1042.98
1045.0,1041.63,1043.57
1043.48,1037.35,1042.0
1074.0,1059.0,1066.45
1072.38,1060.0,1070.61
1071.2,1068.5,1069.64
1073.03,1065.5,1071.99
1096.99,1086.06,1089.16
1095.31,1085.61,1094.56
1074.94,1066.0,1069.59
1075.19,1071.76,1072.13
1076.74,1074.75,1076.01
1076.27,1072.54,1075.59
1077.35,1068.61,1070.35
1081.87,1072.01,1077.65
1086.51,1071.12,1073.13
1091.39,1076.1,1081.82
1110.57,1098.06,1102.99
1126.83,1114.31,1118.01
1128.94,1116.82,1124.93
1132.85,1122.89,1128.39
1136.99,1127.77,1135.04
1152.0,1144.68,1151.98
1151.86,1138.36,1142.19
1147.23,1143.02,1144.23
1157.86,1149.08,1154.0
1143.19,1135.48,1142.9
1136.51,1126.4,1134.0
1138.99,1133.0,1137.54
1145.0,1141.55,1141.92
1136.95,1132.99,1135.4
1124.83,1115.01,1123.79
1130.9,1123.15,1124.35
1128.98,1121.87,1124.95
1129.82,1124.42,1129.21
1144.95,1140.29,1143.42
1160.0,1150.0,1155.01
1161.36,1155.88,1159.99
1172.36,1161.04,1164.85
1175.87,1168.18,1173.52
1201.37,1190.12,1196.0
1195.87,1184.87,1190.74
1186.76,1177.93,1179.34
1197.54,1190.36,1196.53
1194.0,1188.0,1191.94
1190.83,1181.4,1186.18
1198.13,1190.25,1191.56
1191.32,1181.49,1190.75
1196.33,1189.62,1193.05
1195.4,1193.02,1194.58
1192.57,1190.13,1190.85
1189.73,1187.1,1189.17
1180.0,1176.53,1176.95
1186.4,1183.97,1184.75
1186.61,1183.0,1183.99
1184.8,1181.5,1182.68
1187.18,1183.68,1186.44
1216.5,1206.25,1213.11
1212.14,1210.62,1211.52
1207.96,1202.66,1204.96
1208.34,1201.62,1201.62
1219.71,1207.38,1217.53
1212.36,1205.49,1210.42
1211.0,1205.4,1210.16
1203.96,1200.1,1201.55
1213.18,1210.13,1212.0
1205.0,1199.14,1204.38
1209.49,1205.5,1207.76
1214.6,1210.68,1214.6
1226.25,1221.21,1221.81
1227.0,1218.66,1224.54
1223.82,1218.88,1221.0
1214.8,1208.01,1209.34
1223.0,1219.11,1221.24
1220.01,1210.26,1220.01
1217.75,1214.01,1217.75
1215.0,1210.14,1214.07
1216.99,1212.02,1216.89
1217.17,1209.43,1211.07
1193.15,1184.51,1184.51
1196.17,1188.0,1191.44
1174.02,1141.0,1160.0
1174.43,1166.0,1173.35
1185.0,1176.53,1182.15
1184.88,1179.64,1183.53
1172.73,1142.0,1160.57
1174.73,1157.08,1170.3
1179.77,1176.02,1179.77
1172.78,1160.61,1166.39
1170.57,1169.25,1169.75
1179.97,1176.11,1177.25
1180.0,1175.08,1178.38
1182.27,1176.01,1179.99
1190.73,1183.02,1184.11
1181.98,1176.76,1178.9
1175.88,1171.54,1172.63
1178.67,1176.02,1176.02
1176.28,1168.35,1170.0
1157.06,1150.0,1152.14
1172.96,1167.3,1170.01
1174.44,1168.93,1173.06
1169.6,1161.0,1165.0
1167.06,1162.44,1167.06
1173.81,1165.0,1173.0
1165.5,1161.97,1161.99
1184.63,1178.43,1180.73
1188.94,1174.88,1178.86
1186.55,1180.52,1184.14
1200.39,1197.0,1198.99
1206.5,1203.16,1205.35
1209.99,1205.0,1207.28
1204.5,1200.3,1203.23
1200.0,1197.03,1199.4
1203.0,1197.01,1198.48
1206.52,1203.21,1203.69
1196.58,1190.0,1190.21
1202.65,1198.95,1200.05
1204.06,1199.88,1202.8
1205.5,1202.07,1202.95
1209.0,1203.98,1206.13
1208.47,1205.08,1208.29
1220.0,1212.62,1218.56
1221.45,1217.09,1219.39
1237.0,1223.66,1233.63
1239.96,1227.33,1236.9
1239.54,1234.24,1237.0
1237.0,1234.3,1235.38
1247.98,1241.0,1247.98
1252.32,1243.95,1247.14
1242.88,1235.0,1238.07
1242.0,1237.53,1242.0
1244.65,1243.0,1243.36
1244.87,1240.3,1244.87
1244.99,1236.1,1237.82
1234.47,1226.0,1227.68
1236.5,1224.36,1236.19
1242.34,1238.14,1238.92
1235.67,1227.56,1230.12
1228.9,1225.61,1226.59
1240.95,1236.68,1237.97
1236.84,1233.0,1235.28
1244.19,1236.61,1236.88
1242.0,1237.02,1240.63
1243.1,1239.09,1240.0
1240.18,1234.81,1235.36
1245.0,1239.34,1240.61
1244.02,1240.03,1242.05
1248.48,1244.28,1247.09
1254.0,1250.12,1251.99
1254.78,1253.17,1254.02
1257.3,1253.12,1254.75
1260.0,1255.04,1257.43
1272.8,1266.13,1266.42
1280.0,1268.16,1275.2
1277.0,1273.18,1274.98
1274.99,1269.08,1273.25
1279.3,1273.37,1279.3
1284.43,1281.0,1282.49
1289.09,1282.77,1289.09
1314.0,1306.03,1310.05
1300.82,1281.0,1291.56
1288.11,1285.0,1286.0
1299.78,1293.0,1299.78
1309.99,1305.44,1306.0
1308.5,1304.05,1305.53
1332.87,1325.85,1326.24
1342.02,1326.5,1340.17
1333.0,1319.88,1320.02
1347.02,1333.38,1335.0
1334.65,1331.6,1332.48
1331.44,1311.03,1325.67
1328.99,1320.0,1321.73
1314.95,1302.8,1305.75
1339.18,1328.57,1334.87
1334.76,1328.87,1332.92
1328.32,1320.78,1320.78
1322.96,1317.07,1320.0
1336.5,1327.31,1336.0
1341.56,1332.89,1334.59
1336.77,1331.0,1332.02
1325.66,1321.01,1325.66
1328.94,1316.8,1322.12
1330.3,1324.24,1326.4
1330.49,1321.4,1321.4
1343.67,1330.0,1342.24
1357.98,1348.88,1355.39
1364.73,1357.03,1364.13
1362.0,1355.0,1359.7
1363.0,1346.37,1361.5
1408.58,1387.0,1402.46
1417.11,1407.0,1415.12
1394.06,1388.0,1390.28
1420.61,1413.34,1418.48
1424.2,1419.0,1423.09
1473.53,1439.98,1463.16
1455.0,1442.99,1452.18
1436.22,1418.21,1429.47
1450.37,1447.55,1450.37
1458.64,1450.25,1452.34
1455.0,1445.0,1455.0
1485.65,1471.0,1472.68
1481.69,1464.0,1465.16
1510.52,1491.4,1510.52
1510.0,1499.11,1507.69
1510.0,1497.43,1498.58
1565.0,1528.09,1562.34
1552.54,1543.93,1548.08
1589.0,1565.01,1583.63
1540.83,1480.0,1480.0
1546.0,1527.21,1534.0
1569.87,1558.19,1566.77
1608.04,1567.06,1602.31
1585.52,1542.08,1580.59
1546.86,1496.07,1509.0
1529.32,1501.0,1516.73
1533.0,1515.06,1532.89
1536.33,1524.26,1524.43
1525.05,1519.04,1523.01
1562.94,1546.01,1547.99
1544.99,1520.53,1544.0
1566.02,1555.31,1561.89
1557.48,1551.0,1555.75
1556.62,1540.0,1556.62
1550.0,1525.0,1539.57
1541.0,1531.0,1532.97
1541.7,1525.1,1530.41
1538.99,1525.11,1528.99
1566.0,1554.38,1563.06
1585.0,1561.2,1564.01
1607.0,1589.76,1602.0
1592.41,1565.0,1565.02
1581.58,1562.87,1565.01
1630.0,1592.0,1621.46
1649.96,1616.05,1642.73
1675.0,1645.74,1672.06
1720.0,1686.54,1716.51
1760.4,1727.94,1728.77
1733.22,1720.86,1726.79
1745.0,1661.07,1701.46
1731.36,1715.46,1731.35
1708.99,1682.0,1708.87
1749.0,1727.46,1747.89
1748.0,1740.01,1745.43
1789.54,1776.0,1780.19
1774.81,1760.15,1763.01
1774.52,1745.01,1751.26
1789.0,1769.11,1779.81
1892.0,1835.72,1858.35
1863.3,1835.2,1846.0
1868.0,1854.45,1866.43
1840.07,1792.0,1807.0
1832.0,1820.5,1825.12
1796.29,1760.0,1760.0
1798.11,1775.59,1798.0
1814.97,1770.82,1799.7
1764.0,1745.2,1763.98
1717.44,1676.95,1690.85
1700.97,1666.01,1674.17
1669.16,1627.36,1663.3
1712.0,1672.61,1703.28
1744.0,1726.02,1726.29
1716.0,1699.0,1715.09
1747.97,1720.91,1747.45
1788.15,1769.58,1787.42
1786.28,1763.0,1769.1
1808.99,1795.35,1801.84
1786.0,1770.11,1783.13
1783.46,1754.89,1758.0
1792.0,1757.56,1781.18
1784.0,1772.78,1774.58
1753.84,1710.0,1719.1
1744.73,1682.56,1705.0
1757.0,1738.44,1743.49
1722.57,1701.0,1720.83
1704.8,1691.7,1700.97
1715.57,1681.0,1686.99
1692.0,1662.0,1669.56
1705.0,1681.69,1704.92
1728.89,1710.0,1718.99
1740.83,1733.59,1738.99
1736.92,1717.24,1726.7
1711.0,1699.0,1704.48
1740.0,1704.88,1713.01
1777.0,1740.0,1740.07
1812.0,1780.53,1807.29
1832.03,1802.58,1817.0
1805.15,1774.0,1784.09
1788.58,1775.85,1783.11
1800.0,1766.33,1789.53
1823.33,1801.69,1801.69
1802.49,1792.7,1797.71
1870.0,1852.32,1861.99
1880.0,1860.04,1873.0
1908.62,1875.22,1899.81
1905.0,1895.35,1905.0
1932.1,1912.91,1919.03
1945.0,1915.38,1945.0
1949.99,1921.0,1929.99
1940.6,1923.4,1938.67
1976.95,1956.57,1969.8
1986.64,1964.18,1971.23
1989.0,1976.88,1980.0
1958.67,1930.0,1949.96
1964.18,1940.62,1957.08
1984.46,1965.02,1974.98
2021.0,2001.99,2013.99
2045.0,2012.61,2045.0
2044.0,2030.0,2030.01
2063.11,2051.8,2056.86
2006.99,1970.0,2004.44
2008.7,1988.0,2008.69
2022.0,2011.62,2017.55
2050.0,2030.0,2050.0
2134.86,2099.55,2132.38
2101.0,2073.07,2094.0
2181.99,2145.0,2172.4
2230.34,2095.0,2138.01
2113.45,2001.0,2099.97
2158.04,2126.53,2154.8
2178.0,2148.06,2168.93
2206.97,2156.95,2192.17
2259.11,2236.0,2250.0
2255.98,2231.75,2239.99
2275.0,2242.85,2264.23
2315.27,2269.01,2309.57
2338.23,2318.83,2326.0
2401.34,2334.59,2383.22
2420.0,2383.85,2418.0
2470.0,2441.07,2470.0
2427.89,2367.9,2420.29
2575.0,2535.01,2560.33
2639.0,2540.0,2590.0
2717.21,2645.0,2709.66
2754.82,2627.56,2686.98
2500.0,2328.96,2369.87
2400.0,2221.0,2292.53
2363.0,2324.0,2340.01
2469.28,2387.59,2463.82
2580.0,2523.66,2553.58
2425.01,2372.53,2416.09
2287.99,2060.0,2287.92
2314.96,2251.87,2279.82
2254.53,2150.0,2252.72
2165.71,2056.0,2128.93
2045.0,1928.01,2035.0
2114.55,2005.01,2087.2
2133.02,2083.47,2133.0
2052.91,2015.3,2042.0
2231.75,2185.56,2210.0
2288.77,2181.55,2288.77
2268.0,2196.21,2241.73
2193.0,2100.0,2143.01
2184.91,2140.01,2155.44
2199.24,2160.59,2178.81
2179.08,2110.0,2179.08
2236.76,2186.36,2186.36
2300.58,2243.33,2244.38
2265.77,2238.76,2259.94
2330.0,2307.27,2317.65
2293.21,2265.01,2292.1
2315.0,2283.81,2306.34
2316.0,2303.2,2315.01
2320.44,2294.19,2306.72
2264.26,2214.95,2233.33
2267.86,2242.62,2251.0
2217.0,2167.01,2203.51
2241.05,2154.28,2170.86
2245.67,2220.0,2220.07
2265.0,2244.0,2252.44
2329.39,2242.23,2306.61
2334.0,2274.11,2304.63
2318.0,2286.38,2298.01
2379.0,2350.03,2368.12
2395.0,2361.21,2391.89
2430.91,2389.39,2427.01
2425.0,2379.0,2402.65
2390.22,2365.5,2390.0
2413.95,2368.01,2413.63
2445.0,2415.93,2440.42
2449.55,2438.0,2441.89
2439.97,2413.56,2439.97
2429.99,2407.05,2429.59
2436.04,2407.17,2418.78
2489.0,2466.29,2488.94
2490.0,2461.79,2461.79
2490.0,2475.1,2487.11
2529.77,2510.0,2523.99
2570.0,2529.19,2568.86
2577.45,2553.1,2571.87
2570.0,2531.11,2540.94
2525.92,2506.97,2513.91
2530.99,2504.55,2525.0
2548.02,2525.05,2547.97
2534.19,2521.53,2527.11
2526.28,2484.0,2484.64
2539.99,2519.46,2530.27
2588.66,2563.33,2583.67
2594.5,2571.88,2573.5
2594.0,2574.97,2594.0
2627.47,2610.42,2618.86
2650.0,2618.46,2634.99
2699.35,2669.14,2698.0
2877.47,2785.13,2811.6
2850.74,2834.63,2835.67
2876.33,2856.91,2865.0
2855.0,2816.0,2839.7
2870.0,2812.15,2860.57
2889.89,2847.6,2880.74
2879.98,2847.9,2859.41
2847.25,2794.88,2834.21
2863.99,2836.0,2849.79
2826.93,2754.67,2800.0
2808.23,2777.47,2778.01
2715.56,2673.0,2683.03
2730.57,2704.68,2728.76
2805.27,2755.83,2776.12
2788.0,2752.95,2754.0
2740.98,2701.97,2736.62
2758.0,2728.85,2758.0
2815.0,2797.28,2806.0
2836.84,2805.0,2805.0
2811.08,2780.43,2805.83
2820.77,2802.72,2812.0
2864.0,2841.8,2852.0
2844.96,2815.24,2844.0
2823.86,2790.0,2822.32
2840.47,2824.72,2830.28
2827.05,2812.15,2815.27
2895.0,2858.08,2894.85
2899.93,2850.55,2864.0
2883.98,2860.82,2879.0
2900.0,2873.44,2899.99
2898.33,2867.81,2876.0
2890.35,2875.89,2887.0
2894.29,2871.15,2873.0
2948.0,2879.51,2943.9
2947.22,2928.52,2940.48
2967.46,2946.66,2954.22
2965.01,2936.02,2955.41
2954.7,2924.0,2944.44
2805.92,2705.0,2748.8
2778.3,2714.97,2775.99
2616.0,2505.01,2550.01
2689.0,2630.03,2667.06
2690.92,2650.26,2677.38
2757.6,2734.49,2752.79
2716.19,2666.71,2716.19
2742.24,2695.4,2737.05
2740.04,2701.4,2709.77
2710.0,2694.35,2703.02
2767.0,2731.91,2748.17
2758.0,2719.01,2731.0
2756.16,2721.88,2726.01
2678.65,2602.0,2617.95
2589.06,2517.06,2540.73
2465.58,2389.03,2450.0
2496.81,2446.3,2476.14
2420.0,2348.56,2420.0
2357.7,2290.27,2299.23
2266.98,2195.0,2245.76
2338.0,2249.0,2326.49
2434.0,2385.0,2424.91
2382.25,2342.51,2378.5
2470.0,2436.71,2450.07
2525.0,2440.0,2461.02
2465.05,2437.31,2457.96
2519.44,2461.81,2518.53
2484.68,2451.04,2484.68
2488.91,2440.0,2475.29
2519.46,2495.78,2503.15
2583.45,2555.0,2571.99
2610.0,2545.0,2605.4
2667.67,2635.9,2651.91
2674.4,2630.0,2630.0
2658.15,2636.29,2652.0
2605.0,2516.0,2517.01
2595.0,2553.06,2566.44
2569.99,2533.67,2562.77
2540.72,2466.0,2494.28
2527.86,2485.9,2516.98
2568.92,2552.83,2558.96
2582.99,2553.9,2568.49
2535.02,2480.96,2527.84
2576.93,2541.75,2548.0
2580.0,2551.97,2557.52
2598.0,2582.0,2598.0
2652.81,2625.01,2626.09
2629.0,2606.06,2622.5
2609.85,2592.36,2600.81
2670.0,2650.0,2667.98
2765.4,2696.77,2761.83
2764.07,2727.11,2750.0
2755.0,2732.24,2738.0
2724.89,2632.81,2712.16
2720.0,2670.23,2716.08
2732.6,2690.03,2697.66
2720.0,2689.92,2702.93
2667.85,2611.0,2651.0
2660.0,2645.0,2654.14
2658.82,2627.04,2653.11
2690.0,2671.41,2682.6
2729.5,2685.0,2719.48
2726.54,2700.44,2717.71
2718.8,2703.16,2709.63
2739.99,2720.0,2729.12
2729.09,2703.92,2714.61
2722.9,2706.01,2719.32
2730.0,2707.0,2729.98
2733.23,2720.0,2723.0
2714.9,2700.0,2703.86
2710.0,2690.55,2707.24
2724.96,2702.58,2704.13
2716.24,2700.47,2715.0
2655.69,2598.28,2624.79
2614.38,2532.31,2567.81
2586.22,2546.0,2553.73
2552.0,2516.32,2550.55
2593.03,2570.22,2584.81
2610.7,2577.62,2595.42
2615.0,2577.81,2583.69
2598.55,2515.42,2529.19
2498.87,2446.56,2483.38
2550.0,2524.93,2543.44
2510.77,2455.11,2473.17
2541.0,2489.29,2539.23
2500.0,2459.99,2465.01
2399.99,2317.2,2353.0
2428.05,2368.01,2425.25
2465.0,2438.56,2462.78
2457.0,2405.0,2413.38
2429.99,2381.01,2408.13
2373.66,2307.0,2344.0
2375.0,2337.77,2374.99
2523.54,2446.9,2523.54
2518.35,2481.54,2490.41
2509.0,2473.81,2502.68
2549.44,2510.0,2524.01
2570.0,2543.0,2548.0
2553.0,2533.66,2545.0
2593.0,2530.89,2551.51
2565.06,2540.56,2553.32
2574.9,2550.01,2569.94
2562.72,2525.53,2549.85
2559.0,2536.2,2557.97
2592.93,2565.0,2577.0
2564.0,2546.93,2547.01
2552.45,2527.62,2533.88
2531.2,2517.09,2523.74
2544.99,2520.26,2544.0
2525.0,2507.03,2524.0
2536.0,2524.37,2525.37
2495.55,2455.55,2462.73
2459.76,2430.0,2449.56
2497.31,2468.82,2487.74
2506.5,2491.47,2506.5
2480.6,2438.88,2457.9
2450.0,2413.0,2421.25
2427.32,2391.0,2425.61
2401.99,2374.34,2395.0
2441.99,2409.55,2409.57
2451.85,2429.01,2435.0
2439.99,2423.3,2437.03
2490.0,2474.07,2479.15
2517.5,2486.5,2508.0
2512.47,2483.03,2490.42
2500.0,2488.87,2498.82
2499.0,2481.0,2489.97
2595.0,2554.0,2559.46
2554.5,2527.8,2532.0
2575.0,2559.08,2564.13
2615.0,2568.0,2604.02
2631.0,2611.45,2629.99
2614.55,2589.0,2600.5
2627.17,2601.45,2606.01
2595.11,2570.83,2583.25
2596.45,2578.01,2595.37
2562.48,2545.69,2558.99
2561.28,2540.0,2547.65
2559.01,2549.0,2552.02
2575.02,2554.48,2572.15
2605.0,2582.52,2593.54
2623.0,2597.46,2597.46
2602.18,2584.53,2601.97
2599.54,2582.0,2598.0
2595.0,2571.09,2586.99
2591.9,2584.6,2587.69
2599.34,2586.0,2588.5
2612.0,2595.41,2604.55
2590.55,2565.9,2571.98
2584.25,2557.01,2558.04
2574.15,2560.0,2569.98
2528.11,2496.12,2496.12
2535.53,2503.71,2519.43
2505.12,2475.0,2477.42
2492.15,2475.18,2484.1
2507.94,2478.05,2497.39
2527.83,2505.88,2520.88
2539.53,2519.43,2534.98
2530.0,2508.62,2530.0
2555.0,2529.36,2551.96
2556.0,2537.29,2556.0
2545.31,2520.7,2545.31
2542.85,2531.49,2536.98
2544.55,2536.2,2543.0
2555.96,2533.47,2541.37
2529.97,2501.0,2513.49
2520.96,2503.99,2510.99
2510.99,2501.76,2509.99
2527.88,2512.99,2517.0
2446.0,2365.11,2411.21
2420.89,2382.59,2406.04
2375.28,2318.97,2335.0
2357.85,2316.16,2345.66
2313.0,2242.62,2268.95
2370.8,2325.72,2348.86
2366.96,2335.0,2364.99
2355.18,2330.06,2344.98
2359.98,2326.83,2339.63
2278.61,2239.54,2264.57
2326.98,2301.52,2320.23
2353.9,2325.02,2348.61
2359.99,2347.0,2359.98
2401.89,2382.69,2399.0
2383.49,2358.46,2376.83
2415.26,2390.34,2415.26
2389.98,2374.69,2382.21
2390.23,2368.73,2383.88
2374.88,2356.19,2372.85
2342.88,2319.25,2338.0
2352.07,2338.0,2347.8
2322.74,2307.46,2311.26
2350.0,2322.61,2349.9
2346.0,2327.06,2345.49
2285.0,2257.0,2282.01
2220.0,2180.0,2220.0
2215.48,2162.55,2207.34
2174.0,2122.22,2122.36
2116.98,2079.07,2093.38
2096.78,2062.0,2075.0
2025.99,1978.0,2010.66
2093.94,2061.0,2067.99
2059.85,2010.0,2031.94
2030.0,1983.01,2009.01
2001.67,1968.0,2001.56
1945.0,1910.19,1920.24
1919.95,1858.4,1892.36
1943.58,1897.44,1917.62
1941.0,1880.0,1941.0
1984.98,1952.3,1961.76
2030.0,1990.2,2026.39
2070.66,2013.03,2033.52
2077.89,2013.6,2073.11
2152.0,2116.14,2137.0
2208.98,2154.58,2208.95
2218.88,2188.0,2206.07
2289.0,2240.66,2259.0
2264.63,2219.73,2251.99
2374.78,2316.32,2370.5
2358.79,2326.11,2339.03
2358.4,2265.77,2287.98
2285.57,2257.0,2285.57
2368.47,2340.0,2350.0
2384.13,2355.0,2358.68
2351.0,2286.98,2339.01
2287.59,2270.0,2286.48
2288.17,2259.0,2271.7
2344.99,2289.22,2336.67
2359.68,2321.64,2330.99
2352.11,2326.77,2340.98
2628.67,2558.0,2575.0
2650.01,2560.0,2649.68
2835.0,2740.98,2834.01
2826.98,2733.92,2818.01
2800.0,2729.27,2791.97
2752.26,2695.01,2731.68
2798.0,2750.01,2760.02
2725.0,2675.02,2682.99
2655.89,2619.0,2640.0
2718.86,2664.39,2703.47
2749.9,2706.03,2749.65
2829.79,2791.07,2809.63
2833.05,2742.25,2755.83
2842.12,2800.02,2840.04
2835.86,2801.0,2830.3
2855.0,2808.6,2830.0
2829.99,2768.08,2785.0
2767.0,2729.12,2735.93
2754.72,2720.87,2740.0
2797.0,2752.83,2768.84
2789.99,2755.0,2769.99
2776.46,2749.44,2772.38
2751.37,2701.0,2713.04
2770.59,2742.5,2751.64
2796.77,2755.12,2783.86
2766.0,2720.0,2731.56
2763.71,2745.0,2752.58
2766.23,2751.0,2751.01
2763.99,2748.0,2758.34
2695.39,2647.0,2658.98
2570.0,2511.0,2552.68
2570.0,2514.8,2559.71
2578.0,2475.36,2560.0
2589.94,2557.05,2571.99
2514.77,2450.0,2475.04
2522.0,2459.88,2499.99
2525.42,2457.53,2481.02
2483.89,2417.64,2473.04
2511.96,2451.11,2464.66
2557.98,2526.22,2549.72
2571.69,2546.24,2562.49
2569.91,2545.0,2569.87
2583.99,2563.98,2577.98
2581.0,2550.11,2579.73
2660.0,2579.25,2643.99
2714.48,2680.61,2704.89
2684.93,2659.95,2684.93
2767.0,2733.0,2764.45
2800.0,2744.44,2762.61
2777.65,2739.99,2765.98
2778.89,2743.24,2774.01
2773.94,2745.0,2745.1
2739.98,2708.78,2737.63
2763.48,2734.44,2734.44
2692.92,2657.39,2672.4
2729.15,2683.96,2712.19
2730.51,2695.45,2708.3
2680.77,2650.0,2676.64
2679.99,2575.0,2622.53
2655.96,2608.82,2628.44
2666.31,2644.47,2659.97
2711.3,2689.74,2710.96
2740.97,2705.33,2739.56
2725.04,2699.72,2704.0
2717.41,2701.01,2717.08
2722.3,2680.01,2712.5
2792.23,2750.0,2755.01
2785.2,2768.07,2779.77
2889.99,2773.0,2840.01
2860.02,2821.01,2853.38
2929.17,2865.01,2900.0
2731.03,2646.01,2713.04
2758.0,2650.0,2676.02
2739.98,2711.13,2716.87
2747.0,2719.0,2720.0
2725.42,2693.0,2720.72
2759.0,2731.49,2740.8
2736.2,2709.0,2732.98
2737.99,2670.0,2678.93
2719.88,2700.0,2705.97
2697.3,2650.0,2672.4
2716.41,2698.83,2713.56
2719.59,2706.26,2712.37
2747.93,2723.03,2745.01
2744.0,2734.27,2734.29
2766.0,2737.87,2751.47
2795.37,2775.0,2787.84
2794.56,2771.0,2785.44
2800.0,2765.91,2793.6
2852.0,2835.1,2849.99
2862.68,2833.0,2850.99
2859.0,2840.0,2850.28
2850.0,2825.0,2843.96
2880.45,2855.24,2874.98
3154.9,3091.0,3097.0
3230.0,3165.9,3188.98
3182.83,3143.92,3180.95
3339.66,3265.0,3305.98
3249.72,3165.0,3233.09
3296.51,3237.52,3256.0
3223.31,3195.0,3218.0
3227.99,3181.24,3208.51
3225.0,3200.5,3216.64
3294.35,3251.16,3275.89
3264.89,3235.04,3264.89
3221.57,3186.0,3197.0
3256.0,3217.05,3243.39
3279.0,3251.08,3275.89
3415.0,3373.43,3400.0
3386.98,3335.27,3342.02
3367.7,3341.76,3361.03
3382.47,3354.79,3376.02
3466.99,3400.0,3429.32
3489.37,3418.88,3433.23
3447.11,3350.0,3372.54
3393.1,3362.03,3384.02
3449.99,3400.0,3429.5
3397.69,3364.0,3371.39
3379.99,3333.36,3379.63
3386.36,3360.12,3362.25
3316.62,3280.02,3293.13
3320.0,3285.03,3319.99
3360.0,3347.22,3349.73
3357.93,3329.47,3352.6
3366.0,3332.13,3364.05
3430.0,3397.67,3414.99
3404.02,3389.51,3398.32
3429.99,3400.0,3419.99
3439.88,3415.81,3430.84
3419.0,3390.67,3405.69
3490.86,3428.68,3476.0
3494.0,3475.0,3489.0
3547.0,3515.02,3544.01
3540.0,3511.0,3535.01
3615.0,3563.58,3608.68
3644.26,3586.95,3600.61
3723.0,3675.5,3715.0
3749.0,3718.67,3749.0
3755.99,3722.04,3754.99
3867.0,3775.0,3842.48
3820.0,3747.49,3799.97
4040.0,3918.34,3997.95
4056.81,3955.73,4018.14
4190.0,4085.1,4094.61
3999.9,3841.71,3988.96
4069.86,3972.0,3980.0
4111.0,3992.95,4100.01
4085.1,4055.52,4060.36
4043.94,4005.06,4005.2
4210.0,4113.1,4199.89
4250.97,4175.15,4229.25
4328.0,4226.08,4279.97
4293.2,4252.93,4282.71
4360.0,4325.81,4360.0
4378.84,4333.41,4350.0
4251.74,4085.1,4129.99
4083.73,3946.73,3968.97
4084.0,4036.75,4084.0
4159.23,4053.64,4129.87
4156.77,4083.0,4150.98
4039.67,3950.0,3980.51
4164.99,4101.1,4144.84
4125.95,4074.87,4114.99
4318.25,4265.1,4275.71
4350.0,4301.0,4310.0
4375.19,4300.0,4321.74
4324.79,4281.0,4320.51
4460.0,4350.01,4455.0
4467.82,4420.0,4467.82
4354.5,4258.99,4259.0
4350.0,4305.6,4316.7
4270.11,4179.0,4250.96
4325.0,4266.0,4296.85
4305.0,4280.0,4303.97
4310.12,4245.0,4283.91
4247.52,4125.0,4187.88
4066.06,3964.96,4055.0
4188.0,4138.06,4149.99
4106.14,4044.66,4059.54
4085.0,4000.84,4049.99
4105.0,4024.44,4030.0
4019.0,3950.16,4010.99
4110.02,4064.87,4077.2
4050.0,4000.0,4034.95
4085.07,4030.47,4045.98
4118.76,4053.08,4093.46
4073.3,4000.0,4005.43
4081.79,4053.94,4062.99
4094.29,4057.26,4093.27
4075.97,4040.0,4075.4
4063.31,4031.66,4045.93
4042.05,4001.05,4042.04
4054.68,4022.02,4029.05
4017.47,3990.0,4002.26
4018.8,3986.36,3999.0
3993.4,3846.78,3879.54
3841.16,3639.5,3645.99
3807.23,3753.58,3795.25
3951.83,3885.09,3934.21
